split,r2,rmse,mae,mape,r2_log,rmse_log,mae_log
validation,0.0068210548834578555,5921.14025409196,373.45426423868815,36.16242683206712,0.6238106459969157,0.485764746319898,0.33475169436341207
test,-0.24001420321792444,3390.4002670025916,354.9504913281759,36.19715319538602,0.6275819426498808,0.4836050932247377,0.33440131694210207
