split,r2,rmse,mae,mape,r2_log,rmse_log,mae_log
validation,0.009057093817585016,5914.471083006377,355.88926876993816,36.14233445238905,0.6568755544240894,0.463925850738604,0.3132412026238157
test,-0.23329789899982112,3381.206067049642,337.6758465915934,36.31866214854115,0.6598484872168491,0.4621805917767677,0.3129342855942382
