split,r2,rmse,mae,mape,r2_log,rmse_log,mae_log
validation,0.009567929493900618,5912.946417814381,348.40355640719093,35.06408235654626,0.671484386728209,0.4539424008765428,0.30346696253191274
test,-0.11563923197724746,3215.8777638272973,327.9342660109965,35.202813746360896,0.6748209269549508,0.4518942291717132,0.3030591714408781
