Metric,Mean,CI_2.5%,CI_97.5%,Statistically_Supported
ΔR² (EA - Phase 1 NN),-0.07235424748541391,-0.24409965162431432,-0.000983870399496703,False
ΔMAPE (EA - Phase 1 NN),3.803670389037268,3.6091650766631447,3.9978939984051576,False
