Model,R2,MAPE,RMSE,MAE,Runtime_sec,Evaluations
Phase 1 NN,-0.1606901954679134,32.51302294434897,3280.165841465935,320.0547231257,,20.0
EA-Optimized NN,-0.18680249075893895,36.265631898775766,3316.857917739946,332.7009998301188,703.4045836925507,150.0
