Model,R2,MAPE,RMSE,MAE,Runtime_sec,Evaluations
Phase 1 NN,-0.1606901954679134,32.51302294434897,3280.165841465935,320.0547231257,,20.0
EA-Optimized NN,-0.23329789899982112,36.31866214854115,3381.206067049642,337.6758465915934,1999.0412254333496,300.0
