Metric,Mean,CI_2.5%,CI_97.5%,Statistically_Supported
ΔR² (EA - Phase 1 NN),0.04487932941386071,2.4189104103738987e-05,0.1530220538953757,True
ΔMAPE (EA - Phase 1 NN),2.6884681095705902,2.5929178872398815,2.7858109779218867,False
