Metric,Mean,CI_2.5%,CI_97.5%,Statistically_Supported
ΔR² (EA - Phase 1 NN),-0.07908120965326204,-0.25131781048881985,-0.007408973595222557,False
ΔMAPE (EA - Phase 1 NN),3.6820307519688513,3.4017350160754893,3.9901900755309168,False
