epoch,train_loss,val_r2,val_rmse,val_mae,val_mape,val_r2_log,val_rmse_log,val_mae_log
1,0.27056822180747986,-0.05042735415269961,622.8295468284763,262.2699763569616,37.657327340102725,0.6151677915362856,0.4472499047755625,0.3426069989608864
2,0.13165736198425293,-0.7735840999545738,809.3047496435149,258.02654521541325,35.572761012366975,0.6131534766162672,0.44841889001224733,0.34546960081547273
3,0.12476422637701035,-0.3677342368809451,710.7012101689866,247.95314061607223,35.751663841595594,0.6346277462083973,0.4357950894514989,0.33270614400968035
4,0.1198124885559082,-0.36822200669974725,710.8279261967745,266.17059837640124,35.381091066836,0.5920894366376278,0.4604654254330396,0.356955814907293
