trial_id,epoch,train_loss,val_rmse_log
1,1,0.8855777399471828,0.5605857764305898
1,2,0.3182385505444663,0.4897623669563727
1,3,0.28824298818452015,0.48137132774522207
1,4,0.27129294824872696,0.47621912108349307
1,5,0.2556187620598929,0.4700333400494945
1,6,0.24289200162683214,0.4710816509649548
1,7,0.23402653314454214,0.4662327364590336
1,8,0.2281073812661852,0.4667636437903273
1,9,0.22331197038446154,0.4683586280949663
1,10,0.21870266148703438,0.4666347229963696
