trial_id,epoch,train_loss,val_rmse_log
8,1,0.5745469912324633,0.4956809421524296
8,2,0.21492015983377183,0.4766717664558449
8,3,0.20076364328724997,0.4724699983460172
8,4,0.19362382202693396,0.4609427289692676
8,5,0.18824879390716553,0.46339208986186703
8,6,0.18418191423688615,0.45593609821231934
8,7,0.1797663485833577,0.455970834693195
8,8,0.1769137669297627,0.4561293457820847
8,9,0.17456136912958964,0.4614008975476593
