epoch,train_loss,val_r2,val_rmse,val_mae,val_mape,val_r2_log,val_rmse_log,val_mae_log
1,0.3087268316105434,-0.03663514133051082,6049.292158038386,432.06302364171347,37.77151474869612,0.5118571723409229,0.5533452663353561,0.41065699088155466
2,0.2287680849484035,-0.0619920394277409,6122.830359289065,448.4456983073425,53.983161775052814,0.5648881528546243,0.5224240924841902,0.38066251079825364
3,0.22375938989366803,-0.0042140762536126974,5953.944041588641,410.0284010548655,34.491437083444914,0.5476369485528948,0.5326798947694668,0.38581465818866123
