epoch,train_loss,val_r2,val_rmse,val_mae,val_mape,val_r2_log,val_rmse_log,val_mae_log
1,0.7062363944653103,-0.07233018549377701,6152.56006037721,557.3667089919027,51.210049873704065,0.11556336360834829,0.744828189317762,0.6152186060349208
2,0.4071537100846427,-0.2728029622754422,6703.045771393275,639.4879083099365,81.85011716325877,0.36053772196504186,0.6333302151955907,0.4894254201551123
3,0.4036198244176592,-0.662407939488272,7660.557882987084,1203.4345249173482,139.51885515784846,-0.21739180199401087,0.8738520898831901,0.7152522310123264
