epoch,train_loss,val_r2,val_rmse,val_mae,val_mape,val_r2_log,val_rmse_log,val_mae_log
1,0.48532207647459846,-0.22420862423373955,6573.842784676459,390.92892963475543,41.10249361420141,0.623092396031197,0.4862282550960995,0.3325080962687816
2,0.3072638352366856,-0.145118772076116,6357.946415016657,403.99270148010254,48.58638003615055,0.6048299760318254,0.4978686031645521,0.34750050354539525
3,0.29142937151227677,-0.046395541245416894,6077.703880868802,373.34683149800617,37.293570128412426,0.6374214122228244,0.47689615325200013,0.32570455643554524
