epoch,train_loss,val_r2,val_rmse,val_mae,val_mape,val_r2_log,val_rmse_log,val_mae_log
1,0.4418777657331739,-0.07433917542090329,6158.32071484436,414.04328688690185,52.326936563610296,0.550083155491871,0.5312376774809,0.3710837421437207
2,0.2572953870044436,0.0032919585870758716,5931.65081932871,366.2581245702108,40.55165994893034,0.634714341919569,0.4786731344690896,0.3242647292237773
3,0.20224489757537842,0.008471504578711375,5916.218377969199,351.76039019632975,36.98624635470224,0.6659797338028144,0.45772976213801736,0.30600566677537927
