epoch,train_loss,val_r2,val_rmse,val_mae,val_mape,val_r2_log,val_rmse_log,val_mae_log
1,0.4445169716698783,-0.17617487255023834,6443.58474663429,771.696274586792,98.98034179809497,0.05111847270559888,0.7714872245524544,0.6154998639926993
2,0.24259869991166252,-0.005935644644441629,5959.045410314619,402.81823382395424,47.95838451256358,0.5908439718871157,0.5066023730620705,0.35410479782288773
3,0.21693448495047432,0.003052415446823886,5932.36356611284,382.9422371700795,34.079237659328676,0.6028081407595183,0.4991406177159171,0.3505119418243479
