epoch,train_loss,val_r2,val_rmse,val_mae,val_mape,val_r2_log,val_rmse_log,val_mae_log
1,0.4364928886059352,-0.04056984018138432,6060.76176706349,454.8741907528686,41.36521061292081,0.4544667947906075,0.5849696549866646,0.4441696638361539
2,0.2611449814428602,0.0011584297392990273,5937.9959988692835,455.11190809727987,39.47298766024083,0.45066334711722145,0.5870053119538645,0.4484322190519464
3,0.25532888786111557,-0.000755397023215254,5943.682014337635,404.9329040335083,41.27636036202155,0.5557925171454151,0.5278562618444672,0.3790374042636093
