epoch,train_loss,val_r2,val_rmse,val_mae,val_mape,val_r2_log,val_rmse_log,val_mae_log
1,0.39411851568358286,0.0012878743398323511,5937.611219917589,454.923129931132,40.17331229717035,0.4492391438689829,0.5877657506652775,0.4397928956737349
2,0.2772134910733359,0.0067859740842409755,5921.244825629244,374.9938462275187,36.958158959163,0.6304312489030857,0.48147125516149164,0.33184545231946805
3,0.19494252940586634,0.007870309531973652,5918.011701213986,360.7173951988729,38.0466048333605,0.6581729413215747,0.4630479457124459,0.31317611250080835
