epoch,train_loss,val_r2,val_rmse,val_mae,val_mape,val_r2_log,val_rmse_log,val_mae_log
1,0.4069177327319554,-0.03392112543967718,6041.368138103344,583.2936196334839,81.22315555493338,0.33764840462304235,0.644565469895833,0.5044988997484657
2,0.27127303334304265,-0.004955401531997472,5956.141279729708,388.5872586433919,42.74642767410429,0.6280459907192144,0.48302250396077995,0.3346538265866922
3,0.2282344123547418,0.00554289864646984,5924.949088855693,395.9815611099243,34.190554599855744,0.5928050327913549,0.5053868570712777,0.3571220899617206
