epoch,train_loss,val_r2,val_rmse,val_mae,val_mape,val_r2_log,val_rmse_log,val_mae_log
1,0.4206807493727548,-0.027566422528209733,6022.773745004369,371.56280743067424,38.505408759896596,0.6295392194831715,0.4820519694023232,0.3297600827921003
2,0.24916739676748004,0.007356549227362508,5919.543782157268,361.43163485244753,34.50523018566181,0.6460722627528793,0.47117261680116845,0.31973811737787866
3,0.2240962249476569,0.007148979600316685,5920.162661608523,356.79972002789816,34.4454832553334,0.654204157598856,0.46572829763955753,0.3131910797308545
