epoch,train_loss,val_r2,val_rmse,val_mae,val_mape,val_r2_log,val_rmse_log,val_mae_log
1,0.5549010817337036,-0.3010661734604383,6777.059352377186,415.4974555167643,51.021032828306055,0.5892635610092677,0.5075798342205007,0.3458737390429662
2,0.2616717524460384,-0.14288109609372945,6351.731347465879,382.5867433880615,43.445010736722715,0.6239608588515699,0.4856677534172863,0.33000935249065405
3,0.24375774535724096,-0.1252425649784188,6302.5263818601015,379.73219146458945,42.82576028199265,0.6359253554617825,0.477879015018738,0.32495425131940114
