epoch,train_loss,val_r2,val_rmse,val_mae,val_mape,val_r2_log,val_rmse_log,val_mae_log
1,0.7108745799446106,-0.14214324514501042,6349.680658338915,407.61568905792234,45.4784846864062,0.5775366360930835,0.5147747889358897,0.3600322050058874
2,0.34797570974486214,-0.012556989738812252,5978.625281096654,375.27235551508585,39.6249966793318,0.6292165074233557,0.4822618838232002,0.330660147015819
3,0.32804189239638193,-0.007646860976773251,5964.1117795702185,374.13875503611246,37.84751863169849,0.6354741454781037,0.4781750491146453,0.3281535678039206
