epoch,train_loss,val_r2,val_rmse,val_mae,val_mape,val_r2_log,val_rmse_log,val_mae_log
1,0.6812599695341928,-0.18426312536536904,6465.70222722372,416.4312109301758,50.669092751977495,0.5409041667068111,0.5366293455750902,0.3764842546705866
2,0.3481259575162615,-0.14293722716900148,6351.887323942383,398.4889714779663,48.305299134318844,0.5824640593579952,0.5117639326973953,0.3519856490167954
3,0.3105189176586696,-0.04297658146082006,6067.766708151921,379.0617983827718,47.225864416381945,0.5989410994596387,0.5015645370290722,0.34187075599673017
