epoch,train_loss,val_r2,val_rmse,val_mae,val_mape,val_r2_log,val_rmse_log,val_mae_log
1,0.5664008886950357,-0.1998289875796928,6508.055851437144,399.62216720840456,43.73259123907967,0.6201839591683009,0.48810065898826954,0.334448357099782
2,0.3213568683024815,-0.0585406229027392,6112.872829066079,378.05990963053387,38.98694973618902,0.6291198622374014,0.48232473081294247,0.3314118452304676
3,0.2740091512952532,-0.012589128382509251,5978.7201613774705,364.6028806789653,39.190675496628145,0.6452873152716063,0.4716948150980132,0.3204272786046598
