epoch,train_loss,val_r2,val_rmse,val_mae,val_mape,val_r2_log,val_rmse_log,val_mae_log
1,0.49283914447375704,-0.41358174001701875,7064.022266678245,515.5868357242839,74.7476360127311,0.4224134968673062,0.6019095873255523,0.41989964464234053
2,0.2929714114134652,-0.028719245245117264,6026.151261020362,378.9384925640869,43.864111010238254,0.6243127032903404,0.4854404905217836,0.3314142966998148
3,0.21554886174951282,0.006789321114712088,5921.234848623766,356.3683958839925,39.176860078222774,0.6535103118326001,0.4661953097200293,0.3141370376279052
