epoch,train_loss,val_r2,val_rmse,val_mae,val_mape,val_r2_log,val_rmse_log,val_mae_log
1,1.0489866726248605,-1.0341298599145827,8473.853155594546,547.4461805101522,62.8275728553251,0.47172433014961457,0.5756427608958755,0.40610818513786473
2,0.3457377373422895,-0.2776507438933171,6715.798734979616,413.37850852671306,50.85079863848298,0.5732509278913513,0.5173792840860999,0.3549765123848704
3,0.3185562080792018,-0.18742291488502816,6474.322207069661,395.7208536239624,43.355013937188716,0.5986880341549911,0.5017227538966569,0.34720184802114895
