epoch,train_loss,val_r2,val_rmse,val_mae,val_mape,val_r2_log,val_rmse_log,val_mae_log
1,0.38707585220200674,-0.03413389815855128,6041.98973880692,434.6208513413493,38.2782435534721,0.5014121227353198,0.5592340420505314,0.41546575784614986
2,0.28430139640671864,0.0022475989456113288,5934.757624220197,433.2077268687439,38.43100522128452,0.5015324509379082,0.5591665557650924,0.4158940564976308
3,0.2431645736340114,0.008323326101759565,5916.6604345929845,365.6512447593689,38.97970186559362,0.6480806384206894,0.46983387193452814,0.3223981924807961
