epoch,train_loss,val_r2,val_rmse,val_mae,val_mape,val_r2_log,val_rmse_log,val_mae_log
1,0.4293220333276476,-0.15750805794202383,6392.247879584889,439.5962727103678,53.414056281210755,0.5700786312224482,0.5192987278541552,0.3701296326107354
2,0.3068505648681096,-0.03978096706926437,6058.463949883288,412.76112407104495,51.415318491919784,0.5751418025340769,0.5162317883765019,0.3685733110579283
3,0.2612680693428857,-0.004389985098675497,5954.465496914949,385.86890131278994,39.428248260701274,0.6399829969210823,0.4752085533408066,0.32551452372465023
