epoch,train_loss,val_r2,val_rmse,val_mae,val_mape,val_r2_log,val_rmse_log,val_mae_log
1,0.5060056525284904,0.0005172381385102343,5939.901597536988,447.5410687805176,41.52715196970955,0.4879154414438345,0.5667526806290867,0.42618921629502843
2,0.3378440211364201,0.003748395381524716,5930.2924808752305,400.1547794214376,39.54248588928406,0.5694379635021014,0.5196855126271059,0.3664721160691776
3,0.26315074072020395,-0.0066469623395788435,5961.15191951469,380.282028277181,40.925750551594675,0.6390847948528418,0.4758009800985419,0.32454126667108124
