epoch,train_loss,val_r2,val_rmse,val_mae,val_mape,val_r2_log,val_rmse_log,val_mae_log
1,1.5641647082982744,-2.191107586910658,10613.590307167295,779.4838042918905,81.20143457340266,0.2777525075529743,0.6730785711985183,0.49496784361909735
2,0.4433355687223162,-0.33627830596909103,6868.154485328791,464.3236525290934,58.89365363485932,0.4919368597221332,0.5645229299288564,0.39961707273632135
3,0.4065107983085087,-0.17498564794012128,6440.326384425912,416.9708762250773,54.17000669509553,0.534848326275768,0.5401570350946548,0.3774277656904764
