epoch,train_loss,val_r2,val_rmse,val_mae,val_mape,val_r2_log,val_rmse_log,val_mae_log
1,1.2952064159229824,-1.981986951388249,10259.931603683537,726.3530359136963,79.99792392937498,0.3469795999978147,0.6400090528914135,0.45901324636717705
2,0.3373675260230473,-0.9484196407483874,8293.404454063913,573.6906438053386,68.56388774210694,0.4503150027074907,0.5871913978558093,0.4132359784180997
3,0.2830925867870876,-0.14707764842290838,6363.382143373033,388.49901722035725,44.38357591719355,0.6140235507910217,0.4920431000494247,0.33540383606640756
