epoch,train_loss,val_r2,val_rmse,val_mae,val_mape,val_r2_log,val_rmse_log,val_mae_log
1,0.43273333745683945,-0.2642294900931792,6680.432106603321,394.8197612930298,43.56912616528659,0.6231108391113809,0.48621635873701036,0.3298104159725708
2,0.23985273051943098,-0.08720426025980532,6195.083566562508,376.74399587809245,37.33550972476235,0.6368260822128903,0.4772875086108166,0.3263295179860337
3,0.22516874263627187,-0.053139323187785914,6097.257138935639,363.31867877873736,38.5863486958063,0.6530906780366053,0.46647752895731753,0.3148099459097879
