epoch,train_loss,val_r2,val_rmse,val_mae,val_mape,val_r2_log,val_rmse_log,val_mae_log
1,0.5656780795042855,-0.10812395613000358,6254.401657424555,450.3744013684082,39.73596011285715,0.4610822360096738,0.5814120017155658,0.4394974042650639
2,0.31967001635142733,0.007825967366531739,5918.14394930837,360.2821129493713,36.944743389880394,0.6483157207659762,0.4696769210647536,0.31940161011810164
3,0.29430076540810723,0.008487989386306793,5916.16919727118,373.22970601654055,42.10781170298639,0.6338644596853125,0.47922965705911175,0.3301012353961388
