epoch,train_loss,val_r2,val_rmse,val_mae,val_mape,val_r2_log,val_rmse_log,val_mae_log
1,0.4047309533418928,-0.11092680701533908,6262.306496986421,491.484409682312,43.98608479554517,0.3698222383762968,0.628715662271228,0.4872597899903001
2,0.26110637451239993,0.0046139197717397495,5927.7158586311625,363.59658015172323,37.574788082569114,0.6425780749807848,0.4734927543332108,0.3224413213327391
3,0.20686432893616813,0.008756872675186544,5915.3669543954165,353.6269272838084,35.58112345696783,0.6564458797278249,0.46421623347879487,0.3127072952937875
