epoch,train_loss,val_r2,val_rmse,val_mae,val_mape,val_r2_log,val_rmse_log,val_mae_log
1,0.4387915868037088,-0.06478714352787018,6130.882539371739,391.944020145518,37.535105909412344,0.6019065373621155,0.49970680729370903,0.3499615543119019
2,0.2695031369536264,-2.651113623519663e-06,5941.446241250457,372.57010938964845,35.743785319720345,0.6294997438937344,0.48207765198429703,0.33141957345194056
3,0.26091774484906877,0.0046611390560856725,5927.575256996377,393.05040717269895,34.83880284338619,0.5926058237390681,0.5055104653357515,0.35549637181587135
