epoch,train_loss,val_r2,val_rmse,val_mae,val_mape,val_r2_log,val_rmse_log,val_mae_log
1,0.6493760365268162,-0.2845687947268245,6733.956089521565,471.72854427195233,60.85166394485403,0.5074990135120674,0.5558099218374684,0.3881833668453421
2,0.3682002598939623,-0.1927322296558891,6488.780356508122,435.4354510310872,57.2486623248858,0.5109568420312447,0.5538553260775426,0.39105973109736414
3,0.326705455191476,-0.14256771094740772,6350.860445524397,422.8917811385091,55.09797208205991,0.544291918458963,0.5346457366175775,0.37043047256153083
