epoch,train_loss,val_r2,val_rmse,val_mae,val_mape,val_r2_log,val_rmse_log,val_mae_log
1,0.8534955354445322,-1.2129737050968745,8838.5235426068,627.1172823303223,72.8822350630572,0.40817283170684693,0.6092845866939854,0.43345504388797645
2,0.4685683338860103,-0.6812088860616776,7703.754504298441,561.7791921828207,65.8134599507722,0.4413078529431198,0.5919827151632113,0.42322519043040036
3,0.42111511295318604,-0.5133603691230779,7309.080997225973,530.546245870463,65.40809808994271,0.4512941774901713,0.5866681715612969,0.4178718773344728
