epoch,train_loss,val_r2,val_rmse,val_mae,val_mape,val_r2_log,val_rmse_log,val_mae_log
1,0.4410305428654807,-0.008767225280802204,5967.426493223481,375.9780316086324,41.48231408754178,0.6237694137899904,0.4857913666954227,0.33332423244959125
2,0.2581024974618639,0.0037141931488753333,5930.394276195494,372.5529021899414,39.83860065850149,0.6265962079314578,0.48396293832242787,0.3322562830042484
3,0.22122520228454046,0.00792363372639382,5917.852660793174,360.81258267990114,39.59810605851742,0.6448704174577893,0.47197192781315883,0.3186537729952162
