epoch,train_loss,val_r2,val_rmse,val_mae,val_mape,val_r2_log,val_rmse_log,val_mae_log
1,0.38262542558942525,-0.09135227617190855,6206.890382462478,417.2188385910034,50.0074017532575,0.5890537868971992,0.5077094349902559,0.35903646354203583
2,0.2537654145206724,-0.1202565511026612,6288.547452680868,410.8658095192973,39.68825811745582,0.6268759145082712,0.48378164265912293,0.33227208825923354
3,0.21610189019203185,-0.03398941882774231,6041.567659457376,375.44740492485045,38.704909494583944,0.636346162264764,0.4776027627655826,0.3265677412097112
