epoch,train_loss,val_r2,val_rmse,val_mae,val_mape,val_r2_log,val_rmse_log,val_mae_log
1,0.3362319910941805,-0.04594558061073095,6076.397003382618,388.9244167685445,41.940643407817035,0.6078066556700928,0.4959899222872816,0.3480224616359475
2,0.20775567983967919,0.0016628423294797745,5936.496472683567,363.34610797027585,37.436475975483724,0.649822822803738,0.46866946769071505,0.31612226773001756
3,0.2001484766442435,0.0026425088301539335,5933.583020982028,382.0370901224009,41.01181391352869,0.6385801650727391,0.4761334951482608,0.3294581455816684
