epoch,train_loss,val_r2,val_rmse,val_mae,val_mape,val_r2_log,val_rmse_log,val_mae_log
1,1.4118295242009844,-34.65652546492449,35478.16154510348,3569.899009603475,921.9195566809525,-0.21950908202491948,0.8746116587484376,0.55875870248596
2,0.3876566321454729,-0.53836458597571,7369.215095795818,464.5800185574341,55.68749356131434,0.5364916114835416,0.5392020590523646,0.3738935194829465
3,0.323091816740036,-0.3709438496033497,6956.670442008131,427.74304740325925,50.36945864451967,0.5775381423033614,0.514773871270791,0.35312313608776763
