epoch,train_loss,val_r2,val_rmse,val_mae,val_mape,val_r2_log,val_rmse_log,val_mae_log
1,0.8534947622762408,-1.212900235334402,8838.376823824392,627.1613629997762,72.89987292233478,0.4081514824992233,0.609295576072755,0.4334239275948957
2,0.4685603880936759,-0.6811776474286699,7703.682932026948,562.043350426941,65.82970453595121,0.44107097551501984,0.5921081979387814,0.4233364780208501
3,0.4211092847183773,-0.5136423906893448,7309.762005691571,530.6394330320231,65.43908751650648,0.45124090801642325,0.5866966483379491,0.4178581501785001
