epoch,train_loss,val_r2,val_rmse,val_mae,val_mape,val_r2_log,val_rmse_log,val_mae_log
1,0.360940405188288,-0.08776540510406261,6196.682111969417,486.78164518625897,62.33369555084287,0.5087088596042431,0.5551268186972639,0.40800024902147186
2,0.24704814110483442,-3.521494381875101e-05,5941.542978329727,515.7172212265777,43.21765364160637,0.2556785439170146,0.6832867701235896,0.5520243280896916
3,0.20617133690970285,0.007791845594904201,5918.245713622634,360.4467995110575,35.15056485111602,0.6560266463783848,0.464499384778412,0.3139529426436632
