epoch,train_loss,val_r2,val_rmse,val_mae,val_mape,val_r2_log,val_rmse_log,val_mae_log
1,0.4407724620996203,-0.1427269405702869,6351.302961917246,391.992845802358,39.98085805283218,0.6095229206826562,0.49490348942441525,0.34313854781779923
2,0.22851157353264945,-0.062331401130741204,6123.808562557861,365.1653095426941,40.66902222471705,0.6467240515637696,0.4707385641290866,0.3176024708672323
3,0.2213925491666794,-0.0363457752717935,6048.447800205634,362.0154162362671,39.23832349807246,0.653153542100402,0.4664352614252882,0.31500550145225514
