epoch,train_loss,val_r2,val_rmse,val_mae,val_mape,val_r2_log,val_rmse_log,val_mae_log
1,0.3659635615171705,0.0033283272414464937,5931.542599008684,377.34712965820313,37.67413819035631,0.6185620731925945,0.48914168966013477,0.34018291508930665
2,0.22186035150119238,0.0069946701314757,5920.622701254018,365.41574624069216,37.35825898599714,0.6399548975767192,0.4752270980041545,0.32384371568470366
3,0.20826250421455927,0.008086098271801068,5917.3680808555055,360.6722925967916,34.6854389595091,0.6495527073039598,0.4688501911820438,0.31799273583536247
