epoch,train_loss,val_r2,val_rmse,val_mae,val_mape,val_r2_log,val_rmse_log,val_mae_log
1,0.36570076797417234,-0.023832622022216476,6011.821508485127,381.62460296188357,43.02848387030486,0.6241276395577409,0.48556003990387897,0.33411313199905773
2,0.23334778897149222,0.006110364427516779,5923.258374576768,366.36391728307086,40.01635573864103,0.644838776374997,0.4719929530543022,0.32073489983823666
3,0.19266317674228123,0.008262490256757293,5916.841914871001,356.56108532953897,37.035713105026794,0.6549595862271761,0.4652193024380825,0.3142164301529924
