epoch,train_loss,val_r2,val_rmse,val_mae,val_mape,val_r2_log,val_rmse_log,val_mae_log
1,0.4415153056219646,-0.04048209557770144,6060.5062290255755,377.5395382092285,39.25149643564834,0.622592831984716,0.48655037876515533,0.3348943442002133
2,0.25481408675874984,-0.035366926338700866,6045.59068654286,373.294620971934,41.45939382162719,0.6418096035063272,0.4740014952331582,0.32273015733654375
3,0.2275431861434664,0.005851679701513901,5924.029162763783,375.88687442642214,34.735428751782784,0.6273157044619,0.48349644928036706,0.33336106364928186
