epoch,train_loss,val_r2,val_rmse,val_mae,val_mape,val_r2_log,val_rmse_log,val_mae_log
1,0.792883975447246,-0.9826407627753087,8365.918159636205,554.9071036322022,61.65362928713319,0.45650941136224366,0.583873489553919,0.42040559788688603
2,0.39574011448178975,-0.2528265894945536,6650.236302079542,403.5116932485962,45.7528756358974,0.6133633696487588,0.4924637200032288,0.3366943322021908
3,0.35371651905059814,-0.04849424049591278,6083.795689769759,378.97668773000083,40.759408626386914,0.6279292047966849,0.48309832758426796,0.3314257518488528
