epoch,train_loss,val_r2,val_rmse,val_mae,val_mape,val_r2_log,val_rmse_log,val_mae_log
1,0.6016346303422111,-0.17629862526709772,6443.923722650216,398.3680449380493,46.94601710331959,0.5983763141345328,0.5019175732414138,0.34507086947828247
2,0.343903483839035,-0.024686522386045517,6014.327985884377,385.4623133321126,39.87473965327632,0.6112647127781143,0.4937984534585842,0.34340724400243694
3,0.30622685861315047,-0.04516526102660201,6074.129956058962,385.6254603594462,44.651971208577635,0.6197887568697552,0.48835452971714444,0.3352619705659044
