epoch,train_loss,val_r2,val_rmse,val_mae,val_mape,val_r2_log,val_rmse_log,val_mae_log
1,0.44277846122264863,-0.03171596722509906,6034.922151435252,376.9048594948832,40.52072031047487,0.6166004111669773,0.490397857573699,0.3379930599333841
2,0.24584007778099606,-0.021638369745732522,6005.375860911307,366.9272548813375,38.40047872592752,0.6440046993464641,0.4725468530740979,0.32103040571549
3,0.2300707461656843,-0.0024018081580634565,5948.569183963491,360.2272087945557,36.51185152907225,0.6501207378331192,0.4684700637941158,0.3172166061740821
