epoch,train_loss,val_r2,val_rmse,val_mae,val_mape,val_r2_log,val_rmse_log,val_mae_log
1,1.6765032099519457,-34.57282028301488,35436.49384398663,3505.912807600301,915.0722056023145,-0.21254429392894925,0.872110567442033,0.5681068735496086
2,0.4305202261979239,-0.860304592951951,8103.705045543827,532.9694240626018,61.78180232308832,0.4703381695540423,0.5763974904928113,0.4088382609821009
3,0.3604006185082027,-0.3117069599825686,6804.716053623189,430.1406368008423,52.090606062259084,0.5494118070503626,0.5316338758531041,0.3700383507934951
