epoch,train_loss,val_r2,val_rmse,val_mae,val_mape,val_r2_log,val_rmse_log,val_mae_log
1,0.6982951889828273,-0.06221839019022113,6123.482828153913,397.8294046510315,42.88541883193233,0.5769234456037429,0.5151482420850193,0.3621966283923489
2,0.2969855198015485,-0.035914629468735804,6047.189516423133,383.065734316508,44.900784339441046,0.6246601838752783,0.4852159418489192,0.33313840151010216
3,0.2802520696176801,0.003261488766802101,5931.741485273805,362.51845475774127,36.29654340138626,0.644194166010435,0.4724210876617178,0.3208204738909972
