epoch,train_loss,val_r2,val_rmse,val_mae,val_mape,val_r2_log,val_rmse_log,val_mae_log
1,0.4231871670804705,-0.21816594481409202,6557.598509025812,394.2800310040792,40.6040660354842,0.6138571556772736,0.49214914893623096,0.3391586967142401
2,0.23746879202502114,-0.044183294746681145,6071.275865582184,372.20347265914916,37.15574047282692,0.632807356911048,0.47992097190319044,0.3274840527120695
3,0.22245782100336892,-0.030036233137520574,6030.00742966584,356.11519275787356,36.375849814496284,0.6582275887171585,0.46301093083160927,0.3108725450793336
