epoch,train_loss,val_r2,val_rmse,val_mae,val_mape,val_r2_log,val_rmse_log,val_mae_log
1,0.7591617477308,-0.3291724948404626,6849.86904981013,427.41683357411705,53.50546948588736,0.5596434753025905,0.5255632149229785,0.35970624484503383
2,0.28174269664491924,-0.27957247805494845,6720.847505364977,403.01410937856036,47.20055670380804,0.6013030376782317,0.500085435330648,0.34056346793539544
3,0.26376969075066703,-0.23102517214282847,6592.119370979229,389.4799149130249,44.527483926558546,0.6213599276913724,0.4873444560776298,0.330441977760778
