epoch,train_loss,val_r2,val_rmse,val_mae,val_mape,val_r2_log,val_rmse_log,val_mae_log
1,0.45102792978286743,-0.23913159856330535,7366.337550948676,589.7005047408675,74.8910090979458,0.3879116840389538,0.6253116192581611,0.4411540351724732
2,0.17943058907985687,0.0056531789457737736,6598.752578604269,373.9912588250405,44.07301280529691,0.6207443363533294,0.4922157332701387,0.3319601279547692
3,0.14430101215839386,0.006215019450853454,6596.888052937682,365.6346058800434,40.79785387338192,0.6396433783860744,0.4797949883374436,0.32219801190315045
4,0.12817755341529846,0.006112157880162061,6597.229449075812,362.1230531374518,37.62561852114507,0.6473732645144836,0.47462113352727947,0.3180176581403432
5,0.1175164133310318,0.00639705088867637,6596.283849797446,362.3668421646315,39.39283740493491,0.6515964752982881,0.4717704382133391,0.31524654879869973
6,0.11014170199632645,0.00629176936161191,6596.633309529797,357.49286890672306,37.23319520885482,0.658578738752166,0.4670191994870632,0.31054102797059596
7,0.10495635867118835,0.006349595484781312,6596.441370252183,356.4943779223587,37.0315286648762,0.6601538975785957,0.46594064943234065,0.3092985141243463
8,0.10195459425449371,0.00606410122591583,6597.388942395315,358.69515380548836,36.494090685044384,0.656337315350177,0.46854967732047803,0.31200478723175307
