epoch,train_loss,val_r2,val_rmse,val_mae,val_mape,val_r2_log,val_rmse_log,val_mae_log
1,0.3795184149687631,0.0010881179261053031,5938.204992933308,487.970333116862,42.13003875613273,0.35295343522311196,0.6370749234499279,0.5014945221480801
2,0.24508133553164346,0.0029729257246622343,5932.6000642695835,374.20709803731285,40.57546728677557,0.6475025340770868,0.4702196159108437,0.321197594236499
3,0.1970215529217039,0.0066490167400182765,5921.653060908955,370.3882656829834,37.28169188325746,0.6566185862015419,0.464099536832772,0.3153595159636957
