epoch,train_loss,val_r2,val_rmse,val_mae,val_mape,val_r2_log,val_rmse_log,val_mae_log
1,0.36358102650438034,-0.05505958668568023,6102.813387649502,381.2369102474467,41.78978201955782,0.6351405628488868,0.47839379136868054,0.32710910257805775
2,0.23899561366966793,-0.0244936513040781,6013.761937385464,363.78804383288065,35.88209857927602,0.6528147373885163,0.4666630162256902,0.31426435914910217
3,0.21620238239560807,0.007501516800749397,5919.11151555114,354.64314958366396,33.734908621577155,0.6524952233450128,0.4668777014582378,0.31313856587258704
