epoch,train_loss,val_r2,val_rmse,val_mae,val_mape,val_r2_log,val_rmse_log,val_mae_log
1,0.3629567380332947,-0.0451530203834265,6074.094386815579,384.36967861546833,40.513785102979014,0.6250579407802022,0.4849587760204418,0.3318934202107547
2,0.25052554989269804,0.0031318451304552797,5932.127237165111,356.9783995449321,39.23282859603058,0.6523483332984679,0.46697636548573973,0.3153155819188199
3,0.30085067484310696,-0.008975378051875538,5968.042131925585,495.234850690918,64.80747420749701,0.4730652040974195,0.5749117459767465,0.41938024903401955
