epoch,train_loss,val_r2,val_rmse,val_mae,val_mape,val_r2_log,val_rmse_log,val_mae_log
1,0.4538461885847364,-0.24125292671685572,6619.447453778515,417.17591224121094,40.38315933007246,0.5776307086363508,0.5147174716938729,0.3636909198243277
2,0.2795404993275234,-0.08488323832026423,6188.467235193744,369.86157328867597,39.80129060245923,0.6432971868434088,0.4730161947424836,0.32078446003858163
3,0.2583991158526284,-0.04397907206855378,6070.682122676123,369.23070899597167,34.997912664914665,0.6428133187857703,0.4733369097093608,0.3215160636176869
