epoch,train_loss,val_r2,val_rmse,val_mae,val_mape,val_r2_log,val_rmse_log,val_mae_log
1,0.40005518180983407,-0.08578369460027191,6191.034925513821,388.51070864329023,44.334252847986825,0.6207837824892604,0.48771509096482296,0.33603041878138334
2,0.2649106768267495,-0.005505057540903913,5957.769899920244,363.05331778152464,35.986988725334804,0.6473771008443441,0.47030327030012387,0.31820380430674566
3,0.225720837260655,0.007500184740380056,5919.115487653546,355.18337241516116,35.2602389429547,0.6614267857364715,0.4608388042343688,0.3096464005862037
