epoch,train_loss,val_r2,val_rmse,val_mae,val_mape,val_r2_log,val_rmse_log,val_mae_log
1,0.3722879121909823,0.0006196591565220677,5939.597246937822,362.2811828593445,39.62494469968081,0.6415988557337502,0.47414091838757144,0.3219543925636179
2,0.23099803715773992,-0.009832040030251177,5970.575152131084,363.6264910139465,38.79876272784753,0.649718495931189,0.46873927689272843,0.31782395386926326
3,0.21204250294685364,0.007126602781259317,5920.229375375005,354.96432046366374,35.84395808479589,0.6584625554448912,0.462851744682187,0.31107955926008035
