epoch,train_loss,val_r2,val_rmse,val_mae,val_mape,val_r2_log,val_rmse_log,val_mae_log
1,0.3418610199192592,-0.09809740499805697,6226.041753843743,379.67720903778076,39.88171080107064,0.6354535517837111,0.47818855604649746,0.3262342790373866
2,0.2246543940135411,0.005044191805558373,5926.434543724393,370.9326245950572,33.948673203542924,0.6341645047336439,0.4790332544422749,0.32790559632989014
3,0.21432682055405208,0.00573403389420124,5924.379672120283,364.791398342158,33.07443336455796,0.6381927302096564,0.47638862960260814,0.32295946198021686
