epoch,train_loss,val_r2,val_rmse,val_mae,val_mape,val_r2_log,val_rmse_log,val_mae_log
1,0.49412535746029446,-0.07286929180932078,6154.106443781325,407.34613630040485,49.29174779549335,0.6032738234995406,0.49884792624229274,0.3454886517541194
2,0.27828110990251814,0.0034995014888289377,5931.0332181532485,367.43209974080406,41.300499032865915,0.6388309759415634,0.47596825770232976,0.32386278972322036
3,0.2636031060579845,-0.09131394748635069,6206.781387391045,441.74377884562176,48.211541637879506,0.6007902270924801,0.5004069410354457,0.34808049445333805
