epoch,train_loss,val_r2,val_rmse,val_mae,val_mape,val_r2_log,val_rmse_log,val_mae_log
1,1.071233117333821,-0.752518453547802,7865.437711136799,515.1920630553182,62.347246863290906,0.47891847010689115,0.5717097286622006,0.4023847777586362
2,0.34841738444873266,-0.2655814513664865,6684.003164013074,416.91533403920494,50.97005277139641,0.5723108961117134,0.5179488054560255,0.35674158120535665
3,0.318677860830852,-0.21972989148589828,6561.806656857798,390.5784233528646,45.69078505109639,0.6153898044568993,0.49117147738012157,0.3343534893097445
