epoch,train_loss,val_r2,val_rmse,val_mae,val_mape,val_r2_log,val_rmse_log,val_mae_log
1,0.33711133809362137,0.00218324700874728,5934.949007868925,402.9585172558085,37.49498228217517,0.5559369130731396,0.527770461297758,0.37624306065129504
2,0.2471696022639956,0.008380664206555921,5916.489383377947,358.61400283462524,37.604849795699494,0.646869714023746,0.47064150684696704,0.31968330917619286
3,0.2054225914614541,0.008670737111038385,5915.623961171677,358.53333546386716,39.26801173761588,0.6498671487632031,0.4686398043051062,0.3172952813728882
