epoch,train_loss,val_r2,val_rmse,val_mae,val_mape,val_r2_log,val_rmse_log,val_mae_log
1,0.3772619409799576,-0.03289975761768149,6038.38339221531,391.8851870450338,47.22920052174503,0.6065724776272405,0.496769715030885,0.3456115229631152
2,0.2564182971382141,0.00788464033266123,5917.96895974922,366.5080211879476,36.24916706792632,0.6369012257509223,0.47723812878797944,0.3282022785399077
3,0.2398286146715709,0.0033357501912387733,5931.520510679054,443.4451469214122,35.736166740443174,0.4876078246067136,0.5669228834690601,0.42458949417728553
