epoch,train_loss,val_r2,val_rmse,val_mae,val_mape,val_r2_log,val_rmse_log,val_mae_log
1,0.5184392778410231,-0.033151574767782854,6039.119415154555,426.5360495881144,39.64098724558004,0.5068098841957378,0.5561986429052722,0.41145088397268503
2,0.30233390848704744,-0.05280474495165732,6096.288524648171,504.65983734420774,61.95867922590186,0.452958494980373,0.5857777640041489,0.4383557539945238
3,0.276404925629752,0.00595995372912983,5923.706556996888,377.3178420209758,35.89136521603217,0.6185979185243282,0.4891187057657174,0.3403824455287973
