epoch,train_loss,val_r2,val_rmse,val_mae,val_mape,val_r2_log,val_rmse_log,val_mae_log
1,0.46725329311098374,-0.05247311826830603,6095.32830330422,392.6090365552775,43.61292666823056,0.6208063815925273,0.48770055824257597,0.33672165655228314
2,0.2865986032036373,-0.024816478372585937,6014.709357713575,388.23324358210243,42.26411344787185,0.6374711155139208,0.476863464999699,0.326765665082996
3,0.2482096039915085,-0.0033690140709854433,5951.438344833516,365.2800805577596,36.522419942364486,0.6548927103624581,0.4652643847451198,0.3152721868319077
