epoch,train_loss,val_r2,val_rmse,val_mae,val_mape,val_r2_log,val_rmse_log,val_mae_log
1,0.4395629313877651,-0.017884876066776023,5994.3338507790595,375.56468608347575,37.23890545200324,0.62763897972465,0.48328670560002096,0.332788470220484
2,0.2178968865258353,-0.0017644028728651673,5946.677600990116,366.1538264331563,40.170888963984005,0.648799667797088,0.4693536524196418,0.3189325386976701
3,0.21585446219921112,0.006054994691247373,5923.423365072011,381.35813381518045,33.959334598143855,0.6126058570639381,0.4929459103764753,0.3442974550683293
