epoch,train_loss,val_r2,val_rmse,val_mae,val_mape,val_r2_log,val_rmse_log,val_mae_log
1,0.41989967673574174,-0.035148445576462795,6044.952789525116,377.6552997221883,44.6786154973619,0.62509878579184,0.48493236035720527,0.3328670219279263
2,0.30331653312683104,0.002146820470310007,5935.057338218399,469.32291038271586,39.17516546974033,0.4128212021404163,0.6068871269833461,0.4674993715513052
3,0.2483456760072708,-0.01433930156816654,5983.884782386338,399.6624440698751,43.11735429015609,0.6287431793044271,0.4825696042472911,0.33539756386405956
