epoch,train_loss,val_r2,val_rmse,val_mae,val_mape,val_r2_log,val_rmse_log,val_mae_log
1,0.49842453122411456,-0.03358184516494278,6040.376822048367,419.83806543426516,38.46702071933448,0.5523091118725341,0.5299219030702338,0.3856464496951059
2,0.2576307575341633,-0.03324496132693766,6039.3923469549245,409.9710444709269,36.149366529569996,0.5614918610978681,0.5244590356111838,0.37810912034082206
3,0.23744852912630354,-0.029399394817267277,6028.143061490529,367.5576960432434,39.75487087305047,0.6422117380244052,0.4737353436359618,0.32272008004710867
