epoch,train_loss,val_r2,val_rmse,val_mae,val_mape,val_r2_log,val_rmse_log,val_mae_log
1,0.6875163167299543,-0.18930128587337447,6479.441012359098,522.9599700028483,74.05858335481703,0.4359949216028586,0.5947908104431665,0.4370056770771192
2,0.3453422824900491,-0.0003664190622223451,5942.526793982556,372.4134630009969,41.43528760514787,0.6190970633412037,0.4887985436474804,0.3341954711882651
3,0.299006816368103,-0.009732950666957674,5970.2822148005625,428.8969230739339,52.206129672315825,0.5704439411447996,0.5190780534383521,0.3712578956916631
