epoch,train_loss,val_r2,val_rmse,val_mae,val_mape,val_r2_log,val_rmse_log,val_mae_log
1,0.8866824357223511,-0.965931889144729,8330.591328827106,603.9715306850179,64.81021042380281,0.41872348406561366,0.6038292287634163,0.4395018107102242
2,0.4688146251092638,-0.5895936582203862,7490.911341004904,538.7595564687093,68.46222417429868,0.4490896539217132,0.5878455122430324,0.4137941562060305
3,0.4118352107184274,-0.36718679040846824,6947.131556068106,506.7716240645345,61.379548341765386,0.43105957976277276,0.5973875088107196,0.4385761055590358
