epoch,train_loss,val_r2,val_rmse,val_mae,val_mape,val_r2_log,val_rmse_log,val_mae_log
1,0.3911368776021685,-0.1294320212512612,6314.248133434157,479.9994675587972,56.25787373548488,0.5525709385247787,0.5297669211690207,0.3775660005278918
2,0.25068596047742026,0.00442824461410718,5928.268698517309,372.38044045837404,39.42258781159914,0.6268040981889441,0.48382819787580944,0.33188682333850145
3,0.2142061918919427,0.007001966045653285,5920.600950900242,366.8596752420044,37.57698351656556,0.6350757953740809,0.4784362501620699,0.3271559878028513
