epoch,train_loss,val_r2,val_rmse,val_mae,val_mape,val_r2_log,val_rmse_log,val_mae_log
1,0.5319655613912855,-0.25185851934323766,6647.66645743681,405.758579940389,49.332981525716654,0.5783739619819811,0.5142643919584723,0.3537912744217219
2,0.2982978173828125,-0.16959945617527428,6425.548043004645,385.63944440333046,41.07765355292238,0.6307000980812355,0.48129609600524537,0.3275776820480981
3,0.2710037515585763,-0.07804649866121238,6168.937112239568,368.31459977676394,40.52069951158791,0.6425311894486173,0.47352380899190294,0.3199857829547013
