epoch,train_loss,val_r2,val_rmse,val_mae,val_mape,val_r2_log,val_rmse_log,val_mae_log
1,0.23105090856552124,-0.050320112173451115,6089.09061557295,373.67269600733437,37.700725491765574,0.6325865502065632,0.48006524745459733,0.3288087277526959
2,0.10792398452758789,-0.06381480273167894,6128.082604754682,392.83591035634356,39.91083624121818,0.6436396452705992,0.4727890767121635,0.3219881391606456
3,0.1047438532114029,0.006977212411030553,5920.674745346122,366.39868086898804,36.985488038152845,0.6552607944143141,0.46501619803038396,0.3159112950781615
4,0.10095589607954025,0.008632604395669374,5915.737736001059,356.2192595895386,34.831202352488766,0.6613165637002054,0.4609138108443118,0.3084658749855014
5,0.09793414175510406,0.00944473210133856,5913.314154760363,353.6663702394104,35.33614683394353,0.6656366078962144,0.4579648056983714,0.30821343007342666
6,0.09483328461647034,0.00913607556981244,5914.235375885823,357.52639543312074,33.162729949707426,0.6620429868813784,0.46041925137229367,0.31016494545185147
7,0.09098003059625626,0.00800860723771768,5917.5992168520515,364.72156190928143,31.102258223020662,0.6314243463085802,0.4808239202577214,0.3275277720157591
8,0.08823692798614502,0.00923182809594103,5913.949606747758,347.50520104878746,32.248803386977045,0.6699912029433814,0.4549728708703095,0.3026012683617702
