epoch,train_loss,val_r2,val_rmse,val_mae,val_mape,val_r2_log,val_rmse_log,val_mae_log
1,0.35675584055764337,-0.12755696046383047,6309.004561043436,387.9064978704834,44.347023063196986,0.6234988458143501,0.4859660148615117,0.3349095988996172
2,0.24141880702972413,-0.03858456205459926,6054.977416116091,364.364848576533,34.23885763811556,0.6475944590882192,0.4701582994957683,0.31773050445107504
3,0.2245356747164045,-0.011300781985247532,5974.915501617607,378.6340119080607,40.9607448754923,0.645023378453806,0.4718702732690894,0.32481057877300057
