epoch,train_loss,val_r2,val_rmse,val_mae,val_mape,val_r2_log,val_rmse_log,val_mae_log
1,0.48051307834625245,-0.16939149533039477,6424.976769738118,391.11192561319984,42.736687886187994,0.6105395755709745,0.4942587986012346,0.3394464231664283
2,0.2225327746622903,-0.08017487952375135,6175.023757645074,369.9038580806986,39.242887152804755,0.6424031040541356,0.4736086360453611,0.32059196178414434
3,0.21022029173306056,-0.03769138630104352,6052.373236129504,366.48710840215045,40.6063884753513,0.6465794538025549,0.47083489219655456,0.3190530150918782
