epoch,train_loss,val_r2,val_rmse,val_mae,val_mape,val_r2_log,val_rmse_log,val_mae_log
1,0.37803028768948144,0.003980210161272146,5929.602489803378,378.1906819691976,36.64453098703483,0.6106653017700715,0.494179013477811,0.34495282305179964
2,0.23074872094494955,0.007905961585518595,5917.905368761899,361.1325688628896,34.22594544783016,0.6457028254584085,0.47141846265894644,0.3208681844851138
3,0.20293630781514305,0.009034446875796465,5914.538667080196,350.65656050267535,35.472718352501516,0.6640154679961635,0.4590736700530663,0.30866814204166926
