epoch,train_loss,val_r2,val_rmse,val_mae,val_mape,val_r2_log,val_rmse_log,val_mae_log
1,0.5829419487285614,-0.12036317638359062,6288.846715463134,402.1034001841736,39.74594419825327,0.5990975939392116,0.5014666714293448,0.35258477141151573
2,0.3058735764149257,-0.0014990519282511716,5945.889960192665,375.8505344222005,38.578549811246766,0.6252861831626493,0.4848111465482056,0.33455516218006937
3,0.26987169724464416,0.002733885662908997,5933.311200472592,368.2412505002848,38.481580319632016,0.6361689946646479,0.4777190896444528,0.32701992543994934
