epoch,train_loss,val_r2,val_rmse,val_mae,val_mape,val_r2_log,val_rmse_log,val_mae_log
1,0.6241158213097708,-0.27286116765026036,6703.199035033751,417.8724191852824,50.34517655101671,0.5710728360668759,0.5186979341075035,0.3577923719927442
2,0.30706856586728776,-0.26096395108788895,6671.798659380592,390.8393893237305,43.45150603985432,0.6290620372181104,0.4823623296851773,0.326966410659481
3,0.2812830530629839,-0.164873457049028,6412.553050351054,386.00516436838785,37.53052814536897,0.630268347807588,0.48157735660217804,0.3294136139592919
