epoch,train_loss,val_r2,val_rmse,val_mae,val_mape,val_r2_log,val_rmse_log,val_mae_log
1,0.35000958160945345,-0.1594493508324304,6397.605953190047,384.7863384274292,44.10059754901767,0.6303734227903331,0.4815089213900381,0.32714372663561014
2,0.21134568351609367,-0.021434007149031098,6004.775190643927,364.39429048980713,35.67215625772677,0.6460872826913067,0.4711626189145481,0.32077211821614415
3,0.1990635871226447,-0.032302722301740916,6036.637990873996,355.6873462365214,34.67321336568667,0.6620736794139346,0.46039834375213073,0.3086570294778464
