epoch,train_loss,val_r2,val_rmse,val_mae,val_mape,val_r2_log,val_rmse_log,val_mae_log
1,0.8890953949274336,-0.7073171175721862,7763.341551524247,566.5937133465576,67.81126903610216,0.41038770046522566,0.6081434170895319,0.4412905644682967
2,0.3971625291592734,-0.5614129077656396,7424.213950797049,534.5177586682129,65.178201176967,0.4476650036965928,0.5886051036362956,0.42104439499185087
3,0.3654624329635075,-0.5189571621856475,7322.583948311879,525.0657090311686,67.09905329814742,0.4552777932471448,0.5845346806073232,0.41284750763526257
