epoch,train_loss,val_r2,val_rmse,val_mae,val_mape,val_r2_log,val_rmse_log,val_mae_log
1,0.48784214398384096,-0.08777443392671036,6196.707829200096,541.9962910702006,73.11613593290274,0.42308349029019676,0.6015603820731352,0.4602620925904942
2,0.31077526456764765,0.0006819401639991396,5939.412167319487,359.39646568456016,39.87565390827844,0.6472668675713866,0.4703767751942557,0.31890412676369373
3,0.28582863246645246,-0.004093021370993988,5953.585166057721,455.37892736719766,39.09586175243864,0.4166611744070494,0.6048994425407532,0.46393639279497584
