epoch,train_loss,val_r2,val_rmse,val_mae,val_mape,val_r2_log,val_rmse_log,val_mae_log
1,0.22926954925060272,-0.1256220181829215,6303.588958198963,380.8509512890116,42.52283539721951,0.6232956614427176,0.48609712651966125,0.33059357319633426
2,0.10605772584676743,0.0038814517273223492,5929.896451703817,355.5923489971924,38.151366567355446,0.6538733422735498,0.46595102042588377,0.31374992583638456
3,0.09987182170152664,0.008338827002615012,5916.614192744406,353.2057365912374,35.62753229855877,0.6593182994935243,0.4622715285943706,0.31053627182737686
4,0.09690217673778534,0.008019712185748484,5917.5660941777205,356.6653553424835,33.65391415494587,0.6573765794368935,0.46358701832507293,0.3121623567025582
5,0.09530066698789597,0.008679502586607435,5915.5978077159725,349.73033437474567,34.41838401558506,0.6658454162350076,0.4578217849508006,0.30614368583093154
6,0.09361015260219574,0.006655549216773249,5921.633589883496,376.29901485031127,32.3252045039483,0.6278045949116278,0.48317921781861056,0.3321062505603012
7,0.09245631843805313,0.008063978602182331,5917.434059110789,354.5157980044556,32.763882374241426,0.6654859982745907,0.45806793621801256,0.30688697629761097
8,0.09130088984966278,0.008479131412768792,5916.195624158898,349.09961843058267,33.28754822196681,0.6705985549466212,0.45455400939788226,0.3030488850033085
