epoch,train_loss,val_r2,val_rmse,val_mae,val_mape,val_r2_log,val_rmse_log,val_mae_log
1,0.3876500898388454,-0.009550835443213668,5969.743791096338,380.6746825427755,39.40423883816043,0.617434993918468,0.4898638187060961,0.34022061079262983
2,0.23776498020785194,0.0008251937025234302,5938.986440847393,380.1249118383789,39.76251424255157,0.6423768134835881,0.47362604560980287,0.32421261739398194
3,0.20461134105409895,0.008561809744679127,5915.948956943821,358.5155801819865,37.42471427328924,0.6570140373504172,0.46383222247362593,0.3130969663284741
