epoch,train_loss,val_r2,val_rmse,val_mae,val_mape,val_r2_log,val_rmse_log,val_mae_log
1,0.3577529419578825,-0.1400237552277761,6343.786330471069,389.7011120410156,42.17587302866459,0.6319315449821399,0.48049297434650357,0.3285479938326126
2,0.2379505174957003,-0.03254146449574491,6037.336001665656,373.9507797638957,34.376251053948685,0.6341356408468379,0.4790521515819652,0.32956977510248414
3,0.22360415243625642,-0.0028900285358806066,5950.017634640807,356.15586976501464,33.1905384494339,0.6533041293310218,0.4663339964157746,0.3127929014598687
