epoch,train_loss,val_r2,val_rmse,val_mae,val_mape,val_r2_log,val_rmse_log,val_mae_log
1,0.5241313268130167,-0.17652859030252732,6444.553581725163,414.89081698928834,47.84695058008501,0.6112633983847234,0.49379928827458414,0.34235529934654135
2,0.2369084656075069,-0.03310959313338446,6038.996715501784,398.2414354204305,35.06158400910696,0.5864936430794345,0.5092884628519547,0.36218009164693926
3,0.23365974463054112,-0.036969283283683874,6050.267023426326,380.1649520564779,40.58984166589821,0.6371007237481148,0.47710700588313143,0.3263565923110865
