epoch,train_loss,val_r2,val_rmse,val_mae,val_mape,val_r2_log,val_rmse_log,val_mae_log
1,0.37314573218141284,-0.023987916116098296,6012.2774252797335,374.36557643234255,42.40563550761596,0.6352685244478875,0.4783098941242278,0.325483423544176
2,0.22875565900734493,0.0019126637484752074,5935.7536591198095,389.3574000027466,43.87764369593211,0.6269069002707923,0.4837615546309008,0.33623457342646573
3,0.20847130772658756,0.008637160751169826,5915.724141527777,349.8618771140798,33.69009595337678,0.6611892570525939,0.4610004284240769,0.30889664013902096
