epoch,train_loss,val_r2,val_rmse,val_mae,val_mape,val_r2_log,val_rmse_log,val_mae_log
1,0.460027036315373,-0.005522862904389969,5957.822649425694,385.25282682337445,37.81337826176912,0.6123971362178632,0.4930786875938625,0.3442976490801615
2,0.2706067997523717,-0.03670936787897272,6049.5087289523535,377.76848666885377,41.51557289352883,0.6390382129442154,0.47583168399015313,0.3246846733568921
3,0.21277586322443826,0.00481240838437591,5927.124810202131,355.8738158772278,35.47192905874273,0.6579874449512635,0.4631735678090413,0.311257271838879
