epoch,train_loss,val_r2,val_rmse,val_mae,val_mape,val_r2_log,val_rmse_log,val_mae_log
1,0.4082478282397134,-0.02985773252841284,6029.48492055373,405.0492260071309,48.39920388778088,0.5999887983253605,0.5009089821561578,0.3500192418866714
2,0.257178163763455,0.008328133688616512,5916.646092774646,352.5645531756083,35.01264997084325,0.6598255192001621,0.46192727680899887,0.3101678643845858
3,0.23573739874907904,0.00378413787312859,5930.186099450392,428.3613436114502,36.158713285867464,0.5491784741187615,0.531771508882166,0.3876638427395938
