epoch,train_loss,val_r2,val_rmse,val_mae,val_mape,val_r2_log,val_rmse_log,val_mae_log
1,0.3680263495390756,0.0006064026515633092,5939.636640367946,370.71047867574055,36.787829484239374,0.629310739891755,0.48220059790246383,0.3309978966807536
2,0.2375290228652954,0.005886194488956886,5923.926326809691,362.49730774256386,39.5467194036537,0.6500266349924055,0.46853305895379876,0.3181322484828991
3,0.21966340988431657,0.008006230362573419,5917.606306321864,357.95619733444215,36.20735385318521,0.65834433278296,0.4629318454614047,0.31295772006749095
