epoch,train_loss,val_r2,val_rmse,val_mae,val_mape,val_r2_log,val_rmse_log,val_mae_log
1,0.35076993602616446,-0.12974782895697756,6315.130855370216,441.3838999921417,41.955209695111236,0.6006004362684475,0.5005258777034988,0.34983254070958325
2,0.2424777795471464,0.0060364463486179964,5923.478634313746,376.16345506184894,35.13261934143577,0.6212379935196306,0.48742291998520265,0.3365322568294359
3,0.21526938950402397,0.007915253498872232,5917.877655263708,361.81304669840495,36.143782854473244,0.64895456419697,0.4692501371289069,0.3191857649755224
