epoch,train_loss,val_r2,val_rmse,val_mae,val_mape,val_r2_log,val_rmse_log,val_mae_log
1,0.7443673631668091,-0.30964790564310585,6799.373098441673,422.208184164327,53.963937973063494,0.5580601884933802,0.5265071894507389,0.36115226675512563
2,0.27876332542146953,-0.07962240882429206,6173.444404112458,375.45267494756064,41.46509180726839,0.6314393224719023,0.48081415161099184,0.3262863659212517
3,0.2546366228716714,-0.03436952322082121,6042.678026429387,367.0142111773173,38.028473599207594,0.6410754827756378,0.4744869859306413,0.3221533524180728
