epoch,train_loss,val_r2,val_rmse,val_mae,val_mape,val_r2_log,val_rmse_log,val_mae_log
1,0.7261040065860749,-0.26442326961678075,6680.944071147334,461.9109405411784,55.1585557557823,0.4873805512521525,0.5670485998512398,0.410155275828009
2,0.40669531940323966,-0.10702633935963513,6251.3033411608185,433.27073798431394,56.02381219963506,0.5080027916424663,0.5555255807582643,0.39291555823763946
3,0.3393797356019701,-0.16000272794135406,6399.132482296782,419.97517707397463,46.08445200071984,0.6048938655701834,0.4978283548169221,0.342317723829859
