epoch,train_loss,val_r2,val_rmse,val_mae,val_mape,val_r2_log,val_rmse_log,val_mae_log
1,0.47814763014520917,-0.1050126553924251,6245.615184273118,406.2700482165019,45.08544945422323,0.6065630324901543,0.49677567804774503,0.34498134365255256
2,0.26918364495345526,-0.009070462017342074,5968.323333903222,371.3754053842672,40.09727908622543,0.6303446180195689,0.4815276828708838,0.328405792720862
3,0.25093778076512474,-0.009410120439118153,5969.327733892339,378.73660156183877,38.94752905272768,0.6379339060508514,0.4765589949507121,0.3252763507642518
