epoch,train_loss,val_r2,val_rmse,val_mae,val_mape,val_r2_log,val_rmse_log,val_mae_log
1,0.2947134205395835,-0.03431950615526724,6042.531927443507,374.39291414271037,42.89430868574563,0.6355377685663708,0.4781333177798501,0.3277617153440314
2,0.19700814608437675,0.005269956593877523,5925.762123835036,392.01173423039756,34.243506022633056,0.6034346784437952,0.4987467855873112,0.35136634869251593
3,0.18753467361313955,0.00684571139025425,5921.066754979963,366.06522042137146,33.191853045102725,0.636974330875834,0.4771900835840904,0.32702564193670824
