epoch,train_loss,val_r2,val_rmse,val_mae,val_mape,val_r2_log,val_rmse_log,val_mae_log
1,0.6530949566568647,-0.3171271743544539,6818.760728820735,624.5236666304525,81.93714581453506,0.3828097458875417,0.6222032461889968,0.4602293632254932
2,0.2810220792252677,-0.05205206534757223,6094.1089312955,524.7583407354737,71.68262831485336,0.43397753374507486,0.5958536135266373,0.4553542390800191
3,0.28130527906417846,0.005476278488204089,5925.1475461018445,365.10916157735187,40.31003225139738,0.6397372982253648,0.4753706820829744,0.32508941643787775
