epoch,train_loss,val_r2,val_rmse,val_mae,val_mape,val_r2_log,val_rmse_log,val_mae_log
1,0.5519410465690068,-0.49742889783904376,7270.507072916826,526.6501240226237,65.0430438373543,0.45102873829107226,0.5868100562421289,0.4191796409420029
2,0.30677713775839127,0.006851846352413871,5921.048466997421,370.76971285512286,38.22704124150668,0.626907104517208,0.48376142221545654,0.33240911885664387
3,0.20966455097607203,0.007470573094471855,5919.203786634505,353.688794091746,36.198549128025626,0.657878908120474,0.46324705546712724,0.3111176075742911
