epoch,train_loss,val_r2,val_rmse,val_mae,val_mape,val_r2_log,val_rmse_log,val_mae_log
1,0.7060988317094531,-0.2792056174102717,6719.883983859705,423.0715458095296,53.87148331549765,0.5530191770220916,0.5295014920185586,0.36503975276857903
2,0.30849082929883687,-0.1114070270891736,6263.6598536387055,384.493579794515,44.706275678233396,0.6141081211092245,0.4919891919401814,0.335559286764712
3,0.27521862814222064,-0.02784104047151925,6023.5784867766415,368.74333936676027,40.977559635292195,0.6371060628173222,0.47710349620860243,0.3244821703150846
