epoch,train_loss,val_r2,val_rmse,val_mae,val_mape,val_r2_log,val_rmse_log,val_mae_log
1,1.1242059621715546,-2.298836196996902,10791.25541636312,790.822322265625,79.72187395902398,0.3004662121374746,0.6624103213476206,0.4853019621293774
2,0.4543747092192514,-0.8814149601499781,8149.554956577808,533.7870983716838,60.41684426585869,0.492489083468437,0.5642160510210338,0.39732204624725104
3,0.40119722333635605,-0.2636940195959532,6679.017192146555,416.01598891459145,45.31131579410149,0.5920845455720862,0.5058337730122383,0.3503222887120105
