epoch,train_loss,val_r2,val_rmse,val_mae,val_mape,val_r2_log,val_rmse_log,val_mae_log
1,0.6737415761375427,-0.24832643878046956,6638.281739189258,425.03955755655926,50.183368928437346,0.5382430442011819,0.5381823688422176,0.3802519191471179
2,0.3378622847379957,-0.08021609754258407,6175.14157181681,389.52589510798134,41.418012896304425,0.6060283053255026,0.49711315174007836,0.34535316514806974
3,0.30145219376019067,-0.01877271475953446,5996.947526277594,408.78448192225136,39.21451460773001,0.5601874890990993,0.5252384757827601,0.379447382967869
