epoch,train_loss,val_r2,val_rmse,val_mae,val_mape,val_r2_log,val_rmse_log,val_mae_log
1,0.4718179101889474,-0.25151432451003397,6646.752516400398,440.52747508666994,55.39912081731892,0.5467655978677086,0.5331926772465124,0.36952183623698187
2,0.272194155622891,-0.002752897417428901,5949.610830084194,373.6291135863241,41.496114481010146,0.6287239073118008,0.48258212921201554,0.3302898191011613
3,0.2404560705804825,-0.0038045397007218096,5952.729855077619,378.26088465911863,40.11126053557585,0.625774045825472,0.4844954412261814,0.3329373913105899
