epoch,train_loss,val_r2,val_rmse,val_mae,val_mape,val_r2_log,val_rmse_log,val_mae_log
1,0.589616852885655,-0.16574986749445175,6414.964888203453,395.89017853444415,46.35695315768636,0.598298910936288,0.501965937114266,0.3447707085861321
2,0.31355072478021895,0.004821405408619195,5927.098017963871,371.8284266321309,37.58701849729247,0.626060130986783,0.4843102142859914,0.33320412845378916
3,0.2829548787008013,0.007168147103496225,5920.105515429496,370.5610256674194,36.187387103109295,0.6249855997339795,0.48500555755953356,0.3332043455659724
