epoch,train_loss,val_r2,val_rmse,val_mae,val_mape,val_r2_log,val_rmse_log,val_mae_log
1,0.3549770067950657,-0.00621071734619294,5959.860103922144,368.83213919967653,40.08194368629967,0.6359864102284486,0.4778389435450405,0.3247434374114751
2,0.2194593537228448,0.006663984508789689,5921.608447137417,355.2354593292745,38.20789053831234,0.6545330018432559,0.4655067962798888,0.31388040665229994
3,0.20056915205478668,0.009005008819756632,5914.6265163637245,352.6078814526876,37.902227882510644,0.6582799872341933,0.4629754364275727,0.31185708066609263
