epoch,train_loss,val_r2,val_rmse,val_mae,val_mape,val_r2_log,val_rmse_log,val_mae_log
1,0.3674305119064876,-0.0473413599860768,6080.450025906594,408.8852306466675,47.85645229928136,0.604117159221983,0.49831743429140923,0.3466169147316243
2,0.24401162639004845,0.0025640280977449192,5933.816469261608,448.8005625528717,38.60316569549053,0.46056102264029586,0.5816930895669828,0.4403064411591357
3,0.20672892492839268,0.00861950856585314,5915.776808921514,355.3374714495341,35.90810762138522,0.6545068248085963,0.46552443234466473,0.3138434951436933
