epoch,train_loss,val_r2,val_rmse,val_mae,val_mape,val_r2_log,val_rmse_log,val_mae_log
1,0.5730802636909484,-0.031046409407336384,6032.963576967906,473.6775554574585,41.60445536830716,0.40626351438521857,0.6102666139913919,0.47346107617010025
2,0.37230421397754127,-0.001717451724248198,5946.538243565079,538.6912037789917,46.11744268355211,0.1711658797958343,0.7210353435149046,0.5880448609010561
3,0.31507618263380865,-0.012108175366311258,5977.300125876522,407.07554348716735,36.65270892025807,0.5511233185155566,0.5306232377913368,0.3850904543409962
