epoch,train_loss,val_r2,val_rmse,val_mae,val_mape,val_r2_log,val_rmse_log,val_mae_log
1,0.7626339599050794,-0.38824454667840635,7000.427856950706,467.1718848486328,55.93404904520678,0.5298737294891143,0.5430377270466089,0.3791019418344728
2,0.31068521410124644,-0.08715646522861564,6194.947392764556,386.4410565577698,40.34679593334386,0.6255252121431318,0.4846564919887959,0.332755938925113
3,0.28454374792643955,-0.03690742041148343,6050.086549190448,376.1152329709371,39.18595147040879,0.6280969291296146,0.4829894283111502,0.3317343733949886
