epoch,train_loss,val_r2,val_rmse,val_mae,val_mape,val_r2_log,val_rmse_log,val_mae_log
1,0.6964050137097495,-0.2622889122850445,6675.302944106638,417.42391773854575,51.89985450524461,0.5565783458552056,0.5273891510494028,0.3644416131508891
2,0.2759205262831279,-0.14193422671478473,6349.099618694345,384.79725234313963,41.877890132814564,0.618132921279013,0.4894167764658248,0.334521995454
3,0.24879697887420654,-0.05912088252257508,6114.548044557956,370.2539812357076,38.06984960889283,0.6387289111122677,0.4760355062537326,0.3234634270527244
