epoch,train_loss,val_r2,val_rmse,val_mae,val_mape,val_r2_log,val_rmse_log,val_mae_log
1,0.4000537092590332,-0.006305055403824866,5960.139483001763,369.23306500249225,39.39786252223922,0.6365994772068406,0.47743638889599327,0.32698269221484555
2,0.2495668164743696,0.00593995066683517,5923.766158054019,390.7597480942027,34.30885030920307,0.5997249924032552,0.501074128751604,0.3534723333385446
3,0.22048769822256906,0.007256959648564654,5919.840721650403,366.70849614748636,33.64361584983489,0.6451664987417556,0.4717751388097933,0.3206756907857474
