epoch,train_loss,val_r2,val_rmse,val_mae,val_mape,val_r2_log,val_rmse_log,val_mae_log
1,0.344949667464665,0.0022442172006266192,5934.7676817353695,375.32218294443766,38.19626826431172,0.6254579249106254,0.48470003260931505,0.3333287569154909
2,0.23507005069868905,0.0054921233779670064,5925.100345777905,387.6923789411926,34.89607419915016,0.5933352283996947,0.5050577258269011,0.3558094312585656
3,0.21694049458163125,0.008888024334148925,5914.975609511569,350.72690648020426,35.961059333315745,0.6617473429389656,0.4606205941481143,0.30953659037091436
