epoch,train_loss,val_r2,val_rmse,val_mae,val_mape,val_r2_log,val_rmse_log,val_mae_log
1,0.4159854168537685,0.0037109436473965474,5930.403947521295,380.76344378880816,38.01393573919645,0.6096038489862128,0.49485220117039463,0.34657609005695544
2,0.25863355619430545,0.007051749233338511,5920.452536667493,359.46286972229007,39.10769844891966,0.6477199807916856,0.4700745602808409,0.3181076960733193
3,0.2185747371373858,0.0071367983918292355,5920.198978494434,357.04678485376996,34.97423754872738,0.656290851614442,0.46432095999169426,0.31326149016060534
