epoch,train_loss,val_r2,val_rmse,val_mae,val_mape,val_r2_log,val_rmse_log,val_mae_log
1,0.4067553781454904,-0.12237093735688953,6294.479196725166,593.1686837305197,77.81574513300068,0.3802787574568388,0.6234777138477299,0.48359237294960195
2,0.2735406073284149,0.0064439761509216265,5922.264182558481,370.1666995174662,35.72271283524627,0.6272747984231248,0.4835229829739777,0.33197980134475447
3,0.21950892996651786,0.007938630072089392,5917.807933137789,358.2546237279765,38.3465241356013,0.6533078298809951,0.4663315076395749,0.31508974434848475
