epoch,train_loss,val_r2,val_rmse,val_mae,val_mape,val_r2_log,val_rmse_log,val_mae_log
1,0.36773548926217214,-0.02011200155818349,6000.888049349722,384.7342470771281,40.08480317199331,0.6143146285266688,0.4918575319867149,0.34010156760895893
2,0.2364191448020935,0.006984058418115446,5920.654336423175,357.19678559387205,35.985337634882484,0.6519180287416388,0.46726527524350925,0.3156612397088551
3,0.2184422964668274,0.008157231422124989,5917.155900857254,352.06997712931314,34.71822494825872,0.6584280186242113,0.4628751462503966,0.310499577251501
