epoch,train_loss,val_r2,val_rmse,val_mae,val_mape,val_r2_log,val_rmse_log,val_mae_log
1,0.40924140368870326,-0.14937962353241785,6369.76401540791,654.4181478233846,88.04403429330544,0.29536823670961976,0.6648196555249947,0.5167565885058694
2,0.26557222756045207,-0.005037475733707275,5956.384492293929,384.1402982415263,37.00787761832306,0.6354290062812665,0.47820465438027815,0.3265941183611037
3,0.2031272333254133,0.008364986792702811,5916.536152779602,357.8732654250081,34.97932982483044,0.6534766744619755,0.46621793839322895,0.31499112202451673
