epoch,train_loss,val_r2,val_rmse,val_mae,val_mape,val_r2_log,val_rmse_log,val_mae_log
1,0.5795583557510376,-0.054771782693143756,6101.9809541652485,395.34834286946614,45.743730968330844,0.6033233312091515,0.49881679949761815,0.34857805654155277
2,0.30166980644498553,0.0029491851453733453,5932.6706955129275,413.56730230448403,36.38927097899112,0.5486082123269653,0.5321077318870676,0.38750297023874586
3,0.31268200652803696,-0.0788761276004919,6171.310360745441,464.45894466924034,51.6519950719857,0.5725832262508769,0.5177838777901697,0.36889467709603885
