epoch,train_loss,val_r2,val_rmse,val_mae,val_mape,val_r2_log,val_rmse_log,val_mae_log
1,1.1029676401751383,-33.11098590538971,34700.739674768505,3172.745069423116,893.6080469651469,0.015920740667312305,0.7856656794563529,0.47522227750607
2,0.4139037133053371,-31.544718715506676,33894.70492099563,2925.7611927668254,872.1667385355229,0.17682365701025604,0.7185701681039851,0.40368226418086073
3,0.3592926763371059,-0.28825000452919736,6743.597990769953,413.1305178065999,49.21669909986807,0.5730514034121367,0.5175002190518991,0.3573343925188803
