epoch,train_loss,val_r2,val_rmse,val_mae,val_mape,val_r2_log,val_rmse_log,val_mae_log
1,0.36848083371366774,-0.13000219413857117,6315.841748083419,381.4202738769531,39.452488319827374,0.6290878650856513,0.4823455363012692,0.329135754215057
2,0.21387331830229078,-0.0740214291811272,6157.409955932714,366.28076173777265,38.868047081336535,0.6491714858963937,0.46910513272698534,0.3162341187522932
3,0.20219257751805442,-0.033154590097271175,6039.128227957059,356.4576446843465,35.62483583489905,0.6631980415721397,0.45963177756310253,0.3081540356910147
