epoch,train_loss,val_r2,val_rmse,val_mae,val_mape,val_r2_log,val_rmse_log,val_mae_log
1,0.6400634629821778,-0.08170673575308651,6179.400779131418,480.32147208938596,42.34781971886286,0.3755505201059748,0.6258516433060753,0.48815664566702316
2,0.38382026075771875,-0.0001367254766517778,5941.844524655243,458.16990302383425,39.99587453818661,0.41654260132154486,0.6049609172324235,0.4599447590728168
3,0.35665219544138227,-0.2748669143748834,6708.478333148588,536.1351207054138,58.8756429357896,0.5192496708134298,0.5491393153769155,0.398226627080895
