epoch,train_loss,val_r2,val_rmse,val_mae,val_mape,val_r2_log,val_rmse_log,val_mae_log
1,0.36962407623154775,0.004335442592744321,5928.54499326722,373.6894349240621,38.37303323203668,0.6244923116996836,0.48532443706664785,0.3346484475779581
2,0.2632558389009748,-0.03939538397584452,6057.340512373611,413.94210212117514,49.58507894058817,0.5939604617849392,0.5046693218612847,0.35577863942437754
3,0.21748972390515464,0.009057093817585016,5914.471083006377,355.88926876993816,36.14233445238905,0.6568755544240894,0.463925850738604,0.3132412026238157
