epoch,train_loss,val_r2,val_rmse,val_mae,val_mape,val_r2_log,val_rmse_log,val_mae_log
1,0.4310659469836099,-0.09076004804356286,6205.206052857965,381.6424161235555,39.201997014858634,0.6188644765288697,0.48894775586725014,0.3363013927544908
2,0.2239751307746342,-0.014833514816397386,5985.342359253238,390.0712650917053,46.03488379115088,0.619419992853042,0.4885912980084284,0.33975950543973055
3,0.2150211223268509,0.005045370635423763,5926.431032884993,364.86059596506755,41.62463777366879,0.6425051131682367,0.47354107974961834,0.3227047170648478
