epoch,train_loss,val_r2,val_rmse,val_mae,val_mape,val_r2_log,val_rmse_log,val_mae_log
1,0.7421474460233961,-0.3698967091608154,6954.013147723889,442.5239238852183,55.319527047522676,0.5312461579487533,0.5422445091461385,0.368847541844386
2,0.2822802484798431,-0.2303305744314832,6590.259328953588,398.621797318217,48.060193681681895,0.602008639774215,0.4996427211593709,0.34003036922588453
3,0.25902674432822637,-0.09813007711933608,6226.134376081659,374.13405260884605,42.734731863408214,0.6284193147826027,0.4827800422731258,0.3269200283934006
