epoch,train_loss,val_r2,val_rmse,val_mae,val_mape,val_r2_log,val_rmse_log,val_mae_log
1,0.44558375076021467,-0.18906053792609745,6478.785168843144,443.0410840456645,49.21612108950066,0.5917186228164101,0.5060606026093685,0.3522097862172772
2,0.2583069334220886,-0.033413127741237725,6039.8837994527985,371.97535250620524,40.32379928705764,0.6420454397480939,0.4738454258092352,0.3221923887094429
3,0.2118120335129329,0.007088717880952666,5920.342322887157,368.2650464304606,35.42330998822526,0.6513819398938823,0.4676249596704053,0.31818299800147404
