epoch,train_loss,val_r2,val_rmse,val_mae,val_mape,val_r2_log,val_rmse_log,val_mae_log
1,0.35690750049727304,-0.10616051160248285,6248.858227395493,378.75766481297813,43.20122006265494,0.6280152730026902,0.48304244868735813,0.3281522340947567
2,0.20836380405153548,-0.0539827827798669,6099.698297765552,369.0066393084717,39.687390979160476,0.6456195422436384,0.4714738666261787,0.31897590301536155
3,0.1973182365860258,0.0009614961640209696,5938.581343523878,367.66052114522296,34.33965808707748,0.6351351160075969,0.47839736223058704,0.32566825179718356
