epoch,train_loss,val_r2,val_rmse,val_mae,val_mape,val_r2_log,val_rmse_log,val_mae_log
1,0.5922141354683468,-0.18362263392865597,6463.953550387395,400.5168800479126,49.02828869048505,0.5912183030968378,0.5063705782697866,0.34598319154294244
2,0.313779822108405,-0.006160031765223506,5959.709994819305,365.56857925242105,39.892379836330036,0.6363559076211185,0.47759636321768956,0.32513449893023894
3,0.28341481289999826,0.005547631391492391,5924.934990054129,359.0835124723307,37.867584078465164,0.6471408017888716,0.47046082332224176,0.3185109006229431
