epoch,train_loss,val_r2,val_rmse,val_mae,val_mape,val_r2_log,val_rmse_log,val_mae_log
1,0.5319377835600717,-0.023991306122047584,6012.287377369523,488.79173468226116,46.5514866598388,0.2567130563270691,0.6828117640473759,0.5314980191148665
2,0.3382288401181357,-0.19415990515800052,6492.662662199103,444.0694108802795,43.22810457470219,0.5860101203259707,0.5095861373744484,0.358106784445627
3,0.27605642419406345,0.004468089348617976,5928.1500668593835,395.58982267354327,45.26496625499594,0.6136758227675776,0.4922646921397758,0.342467399173134
