epoch,train_loss,val_r2,val_rmse,val_mae,val_mape,val_r2_log,val_rmse_log,val_mae_log
1,0.7114073694324493,-0.15777496715780948,6392.984829756948,436.81007040812176,57.70966835045071,0.5561632883320374,0.5276359202734603,0.37025741060980755
2,0.3224281322315761,-0.030236430200480502,6030.593395036178,396.17885393676755,47.167067235554576,0.5859183973449396,0.5096425858207032,0.353250220901636
3,0.3115138793672834,0.002777184504171193,5933.182394186713,382.4828104216512,42.50400097326454,0.6201753753781085,0.48810617446092924,0.3364340499190744
