epoch,train_loss,val_r2,val_rmse,val_mae,val_mape,val_r2_log,val_rmse_log,val_mae_log
1,0.45447986791883194,-0.15068938978526747,6373.392288589755,381.8306439423625,45.31299181325931,0.6232778594455234,0.4861086121817098,0.32886154466251166
2,0.24587688070774077,-0.05001570229119423,6088.208163804625,376.2386543317668,35.15187421407413,0.6207744906722031,0.48772106609382887,0.33636352408079945
3,0.2354386695085253,-0.036520689699289566,6048.95820714344,361.15488353693644,38.415300482667256,0.6556325866492573,0.4647653764700843,0.3137042333497456
