epoch,train_loss,val_r2,val_rmse,val_mae,val_mape,val_r2_log,val_rmse_log,val_mae_log
1,0.3866418698133741,-0.1138687194139858,6270.592810839605,407.1259602260844,44.67925552159574,0.618382830438293,0.4892566032542379,0.33655734947285365
2,0.24921692732197898,0.0077056841881526505,5918.5026724594445,356.8105349168396,35.17127866789061,0.6526688555052285,0.4667610482235931,0.3150561433109659
3,0.21087370824609483,0.009088029650747509,5914.378761583236,356.6606460528819,37.41863504490735,0.6577061117650862,0.46336402764426193,0.31211253399787114
