epoch,train_loss,val_r2,val_rmse,val_mae,val_mape,val_r2_log,val_rmse_log,val_mae_log
1,0.4181284099646977,-0.03860990207670967,6055.051282188884,376.5202464235433,37.701093315019484,0.6266168331498263,0.48394957212296835,0.3334923687853124
2,0.26099705665997097,0.0042057056363264955,5928.931230943281,382.6920236231995,33.53691865667331,0.6121751024256936,0.4932198945700706,0.34129520218070286
3,0.22731909530707767,-0.012878841966627252,5979.575391065838,375.29379443771364,39.173117889743295,0.6525350139021369,0.46685097109808016,0.3183628246986715
