epoch,train_loss,val_r2,val_rmse,val_mae,val_mape,val_r2_log,val_rmse_log,val_mae_log
1,0.3672627316890444,-0.0125253831383203,5978.531970054758,411.6341794168091,50.8566787646335,0.5892024230044246,0.5076176093735079,0.3583166750760482
2,0.27371834763526914,-0.030796564867245024,6032.232574793558,649.6311041650899,84.80141508971373,0.307342851807731,0.6591464281677838,0.5302984560015057
3,0.25876011724948883,0.00834573954544382,5916.593571325821,432.5852233465068,56.45537107943118,0.5374005718572229,0.5386731000986824,0.39382325760225095
