epoch,train_loss,val_r2,val_rmse,val_mae,val_mape,val_r2_log,val_rmse_log,val_mae_log
1,0.6022654554598672,-0.0398069395181746,6058.539615897471,396.02883933965046,41.147401421799955,0.5923140238278738,0.5056914712428802,0.3566326930539289
2,0.34267491753850665,0.0009181833784119853,5938.710074154255,377.47919300608316,38.01900918922316,0.6230614222854818,0.48624823346848867,0.3367714519508667
3,0.2904524173327855,-0.052353686565752566,6094.982453097893,385.9121919281006,39.81103807271919,0.6371709315082101,0.4770608522577997,0.32565961161239704
