epoch,train_loss,val_r2,val_rmse,val_mae,val_mape,val_r2_log,val_rmse_log,val_mae_log
1,0.7236747438008445,-0.16049590593819163,6400.492641156128,394.232332424825,45.70332862324714,0.6021149887440502,0.4995759608673483,0.3421771367150089
2,0.30751625727381027,-0.00276918997822162,5949.659164027009,366.68219019617715,39.01985171461628,0.6339867588087384,0.4791496125733706,0.3266902959422271
3,0.28118775121280126,-0.00019633891431181105,5942.02160469392,373.09874464289345,43.83021725008426,0.6329940177950084,0.4797989734615703,0.3277655450253348
