epoch,train_loss,val_r2,val_rmse,val_mae,val_mape,val_r2_log,val_rmse_log,val_mae_log
1,0.5173630256720951,-0.12699620787766097,6307.435580181463,380.3816889535014,42.6106625398126,0.6245711336555629,0.48527349772474854,0.32950133543981125
2,0.25437602806840626,-0.03192164544976128,6035.52366883785,364.63240139353434,39.02279569974442,0.6422862812366741,0.4736859909914214,0.3219239368716133
3,0.2367702816282,-0.009925683662867835,5970.851977069662,359.2942027792867,36.86615461590361,0.6543987585574531,0.46559723196929914,0.3139709443628839
