epoch,train_loss,val_r2,val_rmse,val_mae,val_mape,val_r2_log,val_rmse_log,val_mae_log
1,0.4768158789552961,-0.07266523979512196,6153.521182585139,453.32606180892947,43.79012507983124,0.4517731610350286,0.5864120545854609,0.4396233560299945
2,0.3101285480104174,-0.004705878404704267,5955.401800514628,450.441359297994,38.93005292391237,0.4423459974750529,0.5914324574064728,0.4507060961130917
3,0.3033482001277379,0.004095954106320021,5929.257950703115,430.1645529914856,36.44623546867653,0.501571003836228,0.5591449315808759,0.4153733398472499
