epoch,train_loss,val_r2,val_rmse,val_mae,val_mape,val_r2_log,val_rmse_log,val_mae_log
1,0.49954849039214,-0.2705078711143727,6696.999650002631,410.1505214060974,48.25649238275565,0.605294511435449,0.4975758866285292,0.3404628369194867
2,0.30221362690925596,-0.10508507376653764,6245.819837986606,380.4090870050049,37.733260422025275,0.6322911963784225,0.48025816448717173,0.32925543506111743
3,0.2763844064671653,-0.03450233851314333,6043.065960465296,380.8680294798279,35.43581400740211,0.618913561064871,0.48891627028666257,0.3384640751996404
