epoch,train_loss,val_r2,val_rmse,val_mae,val_mape,val_r2_log,val_rmse_log,val_mae_log
1,1.719947837739672,-35.27496098957932,35784.50987884936,3799.768981966044,933.3344160357445,-0.34763617322730034,0.9194096816565372,0.6034069949574142
2,0.4816479069873265,-32.99701011312693,34642.71799213801,3152.7015763670856,893.364380011001,0.03414397830303173,0.7783571849238046,0.4648531519985427
3,0.4199005668054308,-31.617922710740352,33932.803792392435,2947.171886667277,874.9042455554154,0.15851621812943428,0.7265167271706265,0.41257451982655613
