epoch,train_loss,val_r2,val_rmse,val_mae,val_mape,val_r2_log,val_rmse_log,val_mae_log
1,0.3850988894380842,-0.052327913378015456,6094.907816551816,489.96450548665365,61.22877155045872,0.5141618922493414,0.5520374373024202,0.4062081501157558
2,0.24012307481629508,0.008422225297008312,5916.365395110414,356.3988460546875,36.539428842039406,0.6544653836059664,0.4655523508612146,0.3140075206783117
3,0.2105863570894514,0.00878493572353678,5915.283218932734,354.3618547637431,36.03589800143974,0.6590905283089634,0.46242603431109275,0.3119865364608841
