epoch,train_loss,val_r2,val_rmse,val_mae,val_mape,val_r2_log,val_rmse_log,val_mae_log
1,0.3807035746833256,-0.032025302562187274,6035.8267971073,385.06993208567303,37.358002363757635,0.6024467099297965,0.49936766640982144,0.3488262772357938
2,0.2318785885674613,-0.0030437395239959475,5950.473590938356,371.5234046409607,42.65059314150889,0.6359647781851225,0.47785314147536134,0.32671480579878553
3,0.20904046150820596,0.00842681439292825,5916.351704404348,350.929852259318,36.03239689420141,0.6624512618355527,0.4601410585131338,0.30933715170943543
