epoch,train_loss,val_r2,val_rmse,val_mae,val_mape,val_r2_log,val_rmse_log,val_mae_log
1,0.5205921778610775,-0.5327645712811642,7355.790015097549,525.1517216892497,64.35798760758928,0.44613873029037576,0.5894177920934072,0.4238776785714365
2,0.3173289429174151,-0.17178760863184306,6431.555872740127,427.1363542119344,56.056236992522415,0.5444542202411327,0.5345505203080867,0.3695837376161968
3,0.2506760039670127,0.002605296419365688,5933.693713923737,365.6313167405192,39.334820921285726,0.6383820117471719,0.4762640005855524,0.32352589226839523
