epoch,train_loss,val_r2,val_rmse,val_mae,val_mape,val_r2_log,val_rmse_log,val_mae_log
1,0.5278996728828975,-0.05137244961855414,6092.14024480948,382.64571805048627,41.19288870376654,0.6148776910290138,0.49149836917456724,0.3387756081964861
2,0.3172200478226798,0.004322847403293473,5928.582491293366,389.6070884029643,37.87676655013904,0.6061337826597457,0.49704660167979736,0.3500210073119812
3,0.26609761214528765,0.008339428012619887,5916.612399821096,358.47685092585243,39.112207491787984,0.6475044897957865,0.4702183114779609,0.3183854554395468
