epoch,train_loss,val_r2,val_rmse,val_mae,val_mape,val_r2_log,val_rmse_log,val_mae_log
1,0.4456316396733693,-0.07790533138239475,6168.533196185293,386.9710050252787,38.18559431272913,0.6140891260739587,0.4920013005612255,0.340867439567812
2,0.2359183834716252,0.007834008130363945,5918.119968387348,358.1669191775513,39.17608776110333,0.6460102832714989,0.471213870640536,0.3187325354867419
3,0.21942776475770132,0.006247628827180773,5922.849334905761,357.92653647710165,35.20670108972298,0.6538346203423493,0.4659770831667435,0.3144521662625064
