epoch,train_loss,val_r2,val_rmse,val_mae,val_mape,val_r2_log,val_rmse_log,val_mae_log
1,0.7403645188576835,-0.212346543771047,6541.9163350073,400.7078237351481,44.9196092855191,0.5938822409881286,0.5047179301023187,0.34812123437480996
2,0.2683568868146624,-0.03841108268880977,6054.471700188921,372.1072070836894,44.444002379626276,0.6288161895855422,0.4825221515503277,0.32833635737121836
3,0.25393071840218134,-0.003981064330011552,5953.253242448378,360.3882687409973,39.248546153219365,0.6483846845651856,0.46963086797841164,0.3168253776968594
