epoch,train_loss,val_r2,val_rmse,val_mae,val_mape,val_r2_log,val_rmse_log,val_mae_log
1,0.6801541090897152,-0.2770807774568913,6714.300592046484,433.89649379170737,47.150916879327454,0.5762720997636757,0.515544636798505,0.3608267311966895
2,0.3577559702995845,-0.25753404989000006,6662.718624773569,431.21039472310383,48.427218746562566,0.594307502526845,0.5044536061015263,0.3506398890271273
3,0.30804341355732506,-0.19582638128364516,6497.191408752762,412.8617266276042,44.025279700604344,0.6037653204969491,0.49853882356959517,0.346772428224321
