epoch,train_loss,val_r2,val_rmse,val_mae,val_mape,val_r2_log,val_rmse_log,val_mae_log
1,0.4239535021509443,-0.035291218729077034,6045.369651093888,469.93000650527955,41.34366403022774,0.42119947288362436,0.6025418295039356,0.46387798418352166
2,0.2550924290759223,0.0028397935856533385,5932.996138454827,366.4678916241455,38.15427985434498,0.6336817802744659,0.4793491954056224,0.32901030646226886
3,0.22894148259162903,0.006686281477697675,5921.5419869173575,368.63555929377236,34.580474403400935,0.6322929171726128,0.4802570407359615,0.3282518587522801
