epoch,train_loss,val_r2,val_rmse,val_mae,val_mape,val_r2_log,val_rmse_log,val_mae_log
1,0.48173542108944484,-0.07923782238765531,6172.34474443437,386.8164173370361,41.77879462781634,0.6196481849646026,0.4884447987239343,0.33560331148375394
2,0.2935389874349322,-0.016910816432414988,5991.46504100176,389.9745558782959,44.99354815889271,0.6225546355660188,0.486574999404827,0.33416879293051405
3,0.2597830672291347,0.004232973321244726,5928.850054872896,364.0065578538513,37.77766127201794,0.6429554203795413,0.47324274519549786,0.322193217908972
