epoch,train_loss,val_r2,val_rmse,val_mae,val_mape,val_r2_log,val_rmse_log,val_mae_log
1,0.3105343217658997,-0.0754649201223645,6161.546363652506,371.2891848259481,40.88699191866944,0.6395443955901391,0.47549793364814147,0.3231921536756993
2,0.19855418304920197,-0.003509115121635098,5951.853831882261,362.95835870590207,34.93428685028503,0.6450944671747932,0.47182302179988017,0.3195020845971399
3,0.18643869795254298,-0.019381588228123192,5998.739308088027,382.2759586128744,42.287758012519475,0.6369090265679069,0.47723300226654725,0.3296730117541393
