epoch,train_loss,val_r2,val_rmse,val_mae,val_mape,val_r2_log,val_rmse_log,val_mae_log
1,0.6516588719858442,-0.07865130309284152,6170.6673146774365,386.70585634328205,44.38867373205163,0.5959575522528628,0.5034266933147052,0.34780862647801647
2,0.26996348546232496,-0.09366996071705347,6213.477615893296,395.69556555180867,48.46210063561455,0.6091868821139332,0.49511639679362895,0.34204503555642596
3,0.2509914680991854,-0.01158614073251063,5975.758413130833,374.5427496142578,36.446747450444185,0.6265230736444087,0.4840103301169228,0.3333371076713163
