epoch,train_loss,val_r2,val_rmse,val_mae,val_mape,val_r2_log,val_rmse_log,val_mae_log
1,0.49448534510748726,-0.004406073848557623,5954.51318731601,388.0963117922465,40.71996169808258,0.6011503918507737,0.5001811579685881,0.3496303175166431
2,0.2964864860561916,-0.026845054893394726,6020.659333359463,370.47672666086834,40.27713033387444,0.634440322181659,0.4788526395969086,0.32594544270092624
3,0.25647061256953646,-0.008112491039771852,5965.489617931432,368.92358779907227,39.91004423510669,0.6422852832639079,0.4736866517508,0.322011726625477
