epoch,train_loss,val_r2,val_rmse,val_mae,val_mape,val_r2_log,val_rmse_log,val_mae_log
1,0.4213756372206552,-0.03727555153630879,6051.160428823329,374.4900170154317,38.86753187065731,0.6304693938407662,0.48144640705826935,0.3305987115079539
2,0.2588799615062986,0.005098104012263516,5926.273978054141,366.35067115010577,33.578502032213464,0.6408824276224478,0.47461457521352873,0.32240184409867473
3,0.22615039746625082,-0.020787120896705202,6002.873441878501,384.90489047162373,40.20755976584772,0.646664541966512,0.47077821059082015,0.3232584526959215
