epoch,train_loss,val_r2,val_rmse,val_mae,val_mape,val_r2_log,val_rmse_log,val_mae_log
1,0.556200291481018,-0.31249555390245676,6806.761232761284,491.53407589701334,62.10065980843687,0.426141936516405,0.5999637169133728,0.4401692261532057
2,0.30096918907574244,-0.02366628738503418,6011.333140198242,375.14495467732746,43.37115062795749,0.6291186641665683,0.48232550984997696,0.32753878879613046
3,0.21087650864328658,0.006914917527789166,5920.8604520400595,356.0791448407491,37.669797488768594,0.6573622881438763,0.46359668664958686,0.31115813862354147
