epoch,train_loss,val_r2,val_rmse,val_mae,val_mape,val_r2_log,val_rmse_log,val_mae_log
1,0.4866186812141963,-0.038245390766004306,6053.988646273683,390.3850065872701,37.672921823069075,0.5993795149278105,0.5012903207259377,0.3506836618664836
2,0.28921997439520697,0.0030460930435876055,5932.382376898746,406.36179752909345,36.31029473837554,0.558450773252455,0.5262744754751032,0.379985876290594
3,0.2778551453413282,-0.0027400181919619016,5949.572621954572,373.0567009330241,42.71446702934954,0.636091856293937,0.47776972925277006,0.3286773276585191
