epoch,train_loss,val_r2,val_rmse,val_mae,val_mape,val_r2_log,val_rmse_log,val_mae_log
1,0.22476966679096222,-0.058707843137975946,6113.355642688828,372.30307692555743,40.097940707959054,0.6341578470978314,0.47903761325174227,0.3254470005321505
2,0.10324255377054214,0.004477149336916342,5928.123091786129,383.7753363221995,35.01826915001205,0.60857818654333,0.49550182129247633,0.3452632920785457
3,0.10056045651435852,0.005388631717580417,5925.408630174208,392.2989260743205,33.95468403605065,0.5856480654266166,0.5098089179859362,0.3592871577562259
4,0.09677422791719437,0.008676094018715053,5915.607977837276,352.4870182601929,34.84819945345198,0.661505932123109,0.46078493721764197,0.30981488362072673
5,0.09626005589962006,0.006330507228964777,5922.602348565776,384.3567083952077,32.74997422460115,0.6043905503555846,0.4981453390615371,0.3470787629106669
6,0.0938047468662262,0.0047495140673937675,5927.312099804671,415.7380457789612,34.0744152473288,0.5422352618695118,0.5358508335661376,0.3875951976247887
7,0.0924990251660347,0.006458225778442128,5922.2217137095995,377.70373955184937,32.10155411847829,0.6227233091895368,0.48646626639706325,0.3345952661064442
