epoch,train_loss,val_r2,val_rmse,val_mae,val_mape,val_r2_log,val_rmse_log,val_mae_log
1,0.5199618047537122,-0.2599882577454775,6669.216948281259,398.6252824327596,46.94234495774114,0.6015717579445853,0.4999168790646828,0.34048577308773814
2,0.2406164232131413,-0.13209466397636205,6321.686690717988,379.97228511917115,40.17768452300737,0.6299870589915985,0.48176051182946517,0.32804420922409844
3,0.22319490624904634,-0.13267658977162267,6323.31123681383,381.3085787796529,41.50035699215541,0.6377780580611047,0.4766615491142054,0.3240712531697456
