epoch,train_loss,val_r2,val_rmse,val_mae,val_mape,val_r2_log,val_rmse_log,val_mae_log
1,0.6878468968486786,-0.04225534022582056,6065.668348287099,500.4357313446045,54.92437400937625,0.16362799224415558,0.7243066746840695,0.5548717196218333
2,0.2853452437727792,0.00281610103963692,5933.066622088329,361.92809274302164,41.72819190151419,0.6337762777915742,0.47928736360471996,0.32389337454029676
3,0.30469467818260193,-0.43774933974380925,7124.152126852527,1252.4584536016846,169.623758446114,-0.4606287192944081,0.9571778952363585,0.8063254334826104
