epoch,train_loss,val_r2,val_rmse,val_mae,val_mape,val_r2_log,val_rmse_log,val_mae_log
1,0.5664172144658225,-0.1680871631237435,6421.392579883595,389.32351303741456,45.67543334208566,0.6144966695591494,0.4917414414794717,0.33571620030780785
2,0.2671741739204952,-0.03780247446886498,6052.697190375144,387.59552409617106,34.78747446731958,0.6090315394570067,0.4952147878808762,0.3457986707452019
3,0.2605912875161852,-0.06353614537507024,6127.279952293386,400.31230860188805,48.144135466184416,0.6014827321382449,0.49997272728619024,0.35212980485151707
