epoch,train_loss,val_r2,val_rmse,val_mae,val_mape,val_r2_log,val_rmse_log,val_mae_log
1,0.43585993389810834,-0.01067597547568,5973.069491531043,402.58769038579305,37.66502113905704,0.5668449878252203,0.521248015883478,0.37527324925523065
2,0.2747802858815874,-0.023659799162095485,6011.31408958973,417.0438180215454,43.44990431949062,0.6225754411990521,0.4865615886686701,0.3371340845506785
3,0.21018687525953567,0.007953348878935618,5917.764032932801,356.88735591334023,37.719194380414095,0.6554406835586467,0.4648948566221047,0.3137354503712168
