epoch,train_loss,val_r2,val_rmse,val_mae,val_mape,val_r2_log,val_rmse_log,val_mae_log
1,0.35482369376659395,-0.0015214909843983548,5945.956570046702,369.6042882962545,39.18275072555628,0.6284823241554977,0.4827391077485339,0.33017206035502583
2,0.23938497183186666,0.005572255850685437,5924.8616334874005,394.5424987438456,35.517922261250625,0.5961484539728226,0.5033077499007697,0.3544211469593982
3,0.21152970718860625,0.008024494577936525,5917.551829702751,356.6905797045898,34.550482514518926,0.6552780951619348,0.46500452945789483,0.3130707922752103
