epoch,train_loss,val_r2,val_rmse,val_mae,val_mape,val_r2_log,val_rmse_log,val_mae_log
1,0.38721220364298137,-0.0008802283857720639,5944.052701715728,402.4314739646403,37.604265610053,0.5597760752239969,0.5254840803080689,0.37620187174185116
2,0.2591387113918577,0.008585716667639631,5915.877629759759,360.21485204340615,40.64890844515897,0.642469322951255,0.47356478318490275,0.3226712216756145
3,0.24746903168678283,0.005829509960869617,5924.095216015214,371.6062693043518,33.46254247815272,0.6292447581445431,0.4822435112340527,0.33110939139825907
