epoch,train_loss,val_r2,val_rmse,val_mae,val_mape,val_r2_log,val_rmse_log,val_mae_log
1,0.4600487100137983,-0.01449516389706007,5984.344503503003,380.4030241007487,41.00027092437368,0.6185769852702556,0.4891321282221628,0.3369110478901124
2,0.2700015392650877,0.005328594895436911,5925.587462503709,366.90625767908733,37.6851743479312,0.6405264134366621,0.4748497734855721,0.32480460888307316
3,0.21561841246128083,0.007674621759777067,5918.59530708594,362.59710499186195,35.61839195994399,0.6528302216020727,0.46665260969184535,0.3164341439830818
