epoch,train_loss,val_r2,val_rmse,val_mae,val_mape,val_r2_log,val_rmse_log,val_mae_log
1,0.5338318148653848,-0.02653024806670845,6019.736365507746,412.6263077746073,38.23416631364302,0.5437334261574681,0.5349732534098179,0.38871204875248244
2,0.3219691726234981,0.0038537655354681233,5929.978859119257,419.42432611658734,37.68728790197993,0.5193660256288495,0.5490728579390767,0.40112546439534813
3,0.3063400266497476,-0.05375280629742529,6099.032791786264,435.9502394765218,40.11845292404958,0.47925095372999527,0.5715273057185701,0.41756412391694486
