epoch,train_loss,val_r2,val_rmse,val_mae,val_mape,val_r2_log,val_rmse_log,val_mae_log
1,0.7813130852154323,-0.5577001597984272,7415.38200113265,637.2036904606119,110.93798346359615,0.3992293543229479,0.6138709685068227,0.4042059348270259
2,0.31636457052094596,-0.14953151261159991,6370.184879676692,389.4864457128398,44.00837582716648,0.6170770544389279,0.490092930886988,0.33499764834428225
3,0.29429041519437515,-0.02057697680509163,6002.255520036451,366.512963866984,40.8080044592717,0.6359669121651421,0.4778517408821089,0.32418131022314656
