epoch,train_loss,val_r2,val_rmse,val_mae,val_mape,val_r2_log,val_rmse_log,val_mae_log
1,0.3544846747323445,-0.09648126590068329,6221.4584379848075,377.09870439478556,40.03720840122654,0.6310835270580054,0.4810461760968376,0.3277518705916501
2,0.21246091339588166,-0.020762378557879657,6002.800691142524,368.73131902359006,35.448785297548,0.6392939610179855,0.4756630863656081,0.3255139254865368
3,0.20104981142793382,0.0009966981242373052,5938.476717153154,354.53514638379414,34.76656950819773,0.6605237925971015,0.46145293607834204,0.3103860905234175
