epoch,train_loss,val_r2,val_rmse,val_mae,val_mape,val_r2_log,val_rmse_log,val_mae_log
1,0.350733782585689,-0.14613051248841935,6360.754495398179,380.9167194627889,41.33639504721463,0.6313463745198802,0.4808747764634515,0.32639439147376337
2,0.21222951153005873,-0.016335091782532007,5989.768765172896,357.970497017924,37.43844095149125,0.6537830092131256,0.46601181903075917,0.31376840796215727
3,0.20058585843835558,0.0033357977907626513,5931.520369037797,363.88804712654115,33.32615083088241,0.6445983018748922,0.4721527157982442,0.3212105325532587
