epoch,train_loss,val_r2,val_rmse,val_mae,val_mape,val_r2_log,val_rmse_log,val_mae_log
1,0.4312122131756374,-0.10530777441014538,6246.449146109873,388.8624745041911,43.424368693125444,0.6196367573916728,0.4884521362682999,0.3365383653114839
2,0.27069704260757993,-0.069680170559687,6144.953046302191,411.6006828500875,48.90688802184199,0.6034735542189111,0.49872233861473014,0.34986497547792894
3,0.24599994767120906,0.002532572245538711,5933.910035058086,412.9344379330444,52.39693315316208,0.5695838629522135,0.519597455334085,0.3730927438308459
