epoch,train_loss,val_r2,val_rmse,val_mae,val_mape,val_r2_log,val_rmse_log,val_mae_log
1,0.47758488088607787,-0.1447961173584511,6357.050627618576,385.74926535105385,42.936503176899556,0.6143127072786763,0.49185875705148147,0.3365627217753113
2,0.22055013154711042,-0.1421749331779083,6349.768741639703,374.55979576756795,39.1738928133538,0.6437620248686805,0.4727078882399469,0.31899738367869523
3,0.21007727882112776,-0.047107025595025886,6079.76976142086,361.71046253194174,38.505248213546295,0.6510690146922034,0.4678347864534613,0.31417099253464803
