epoch,train_loss,val_r2,val_rmse,val_mae,val_mape,val_r2_log,val_rmse_log,val_mae_log
1,0.3540880073826654,-0.024260336155043527,6013.077120229911,370.07158484751386,38.67015744642855,0.6386121013623267,0.47611245829355486,0.32470692336611606
2,0.2332951798616137,0.0014073435020263148,5937.256071204089,361.7204168767802,39.4915781705485,0.6496192987319378,0.4688056439880856,0.318968558836718
3,0.2187416038295201,0.008837188463118872,5915.12730230156,372.88651885698954,41.87885105243584,0.6398507272321555,0.4752958407672031,0.32852780724866754
