epoch,train_loss,val_r2,val_rmse,val_mae,val_mape,val_r2_log,val_rmse_log,val_mae_log
1,0.47698047038282665,-0.03749401576008227,6051.7976232822275,398.8072679032898,38.387252681373226,0.5810665377727672,0.5126196718272407,0.3651628047753772
2,0.24302813069684165,-0.014827814352788016,5985.325548971687,366.1642917907206,36.458495826350365,0.6415691608922245,0.4741605601326305,0.32277073257178607
3,0.22905651416914805,-0.011389784987041018,5975.178417322159,368.0355200255839,41.00322501977184,0.6430372067087359,0.47318854047445413,0.32326478433314343
