epoch,train_loss,val_r2,val_rmse,val_mae,val_mape,val_r2_log,val_rmse_log,val_mae_log
1,0.47959092012405397,-0.0802254374223772,6175.168267843397,400.128923411204,39.02760338415908,0.598748587693892,0.501684900260321,0.3540129040053395
2,0.3003091917215075,-0.04104155620932537,6062.135357965781,378.01018295694985,39.75495428658293,0.6283691508727394,0.4828126291622896,0.33208828767752624
3,0.26409553490706855,-0.03378216731628614,6040.962147081712,375.9733520892334,38.37332648947115,0.6399892106794223,0.47520445236248116,0.3247250929762284
