epoch,train_loss,val_r2,val_rmse,val_mae,val_mape,val_r2_log,val_rmse_log,val_mae_log
1,0.35388072912488666,-0.04485089187734892,6073.216386335677,376.91002921335854,41.319075591789954,0.633031700720585,0.47977434076617387,0.3258662963831804
2,0.2278376866354261,-0.00365313789743249,5952.280919062165,406.4120160051473,48.39700713418992,0.6029054159573919,0.49907949237510607,0.35469230948629576
3,0.20580026149477276,-0.0005797479182152454,5943.160384255366,358.36193046424864,33.638607013167025,0.6581091184716811,0.4630911717524014,0.31147989332831977
