epoch,train_loss,val_r2,val_rmse,val_mae,val_mape,val_r2_log,val_rmse_log,val_mae_log
1,0.5279912177644457,-0.029232618966762214,6027.654723623692,397.00638350738524,36.71154307810679,0.5872941630796302,0.5087952502296132,0.36001615176018703
2,0.32205222736631123,-0.023667100719937828,6011.335528293927,367.3689032066854,38.4875522385111,0.6458048569727354,0.47135057755211707,0.3192087245465644
3,0.2958348954541343,-0.008887977003001257,5967.7836397711235,383.67307428113304,36.22977993238173,0.597909459824854,0.502209207344267,0.3515747000097301
