epoch,train_loss,val_r2,val_rmse,val_mae,val_mape,val_r2_log,val_rmse_log,val_mae_log
1,0.5968441398756845,-0.28911507959433824,6745.86181356314,469.96305018447873,55.16444706800482,0.5642130291156146,0.522829234520066,0.36973334160316734
2,0.32464940501758033,-0.14067885061847285,6345.608743523489,403.3852376645406,49.00604453413366,0.6006831492436824,0.5004740472410705,0.3480180760036196
3,0.30735934453283037,-0.03186232021147428,6035.350175032495,387.12804592407224,46.5667753353879,0.61315949163057,0.49259354383135995,0.34281575517223095
