epoch,train_loss,val_r2,val_rmse,val_mae,val_mape,val_r2_log,val_rmse_log,val_mae_log
1,0.4017029900019509,-0.014892245151925998,5985.515548290764,365.05149004638673,39.85012190881883,0.6416328701609675,0.4741184184392763,0.322725360378299
2,0.250828970246315,0.007480002933935581,5919.1756679346845,360.1205558926392,39.42138253028627,0.6503702900093131,0.4683029653259333,0.3173669678649891
3,0.22261192917210715,0.00863106927737034,5915.742316217119,352.24622407099406,35.460875387484144,0.6614408331906133,0.46082924399917335,0.3095663605424142
