epoch,train_loss,val_r2,val_rmse,val_mae,val_mape,val_r2_log,val_rmse_log,val_mae_log
1,0.3393760449409485,-0.044447326930501685,6072.043408460826,368.95298963383993,38.404801768790534,0.6380981580925297,0.47645088669545554,0.32480108008148323
2,0.2103958022281102,0.004384927322749643,5928.397666493664,376.4276742110443,34.17174319137334,0.6189536614817848,0.48889054612009597,0.34064979121054545
3,0.2219398225239345,0.004683114786202425,5927.509820229955,416.1639795622762,34.679791309063695,0.550375975912539,0.5310647760206046,0.38643009169861314
