epoch,train_loss,val_r2,val_rmse,val_mae,val_mape,val_r2_log,val_rmse_log,val_mae_log
1,0.6960170650345938,-0.12068056496494761,6289.737438595062,389.0344059113566,46.94275773826585,0.5997693346547488,0.5010463736207665,0.34227055280232804
2,0.29914660866873605,-0.02916234410430807,6027.448939319117,372.50368793207804,37.751474744175454,0.6262545837757826,0.4841842746283554,0.3329971239940678
3,0.2762064913736071,-0.012621023717560353,5978.814321869496,446.1488187484741,57.63807046764848,0.5422547071262516,0.535839452318499,0.39150896450430467
