epoch,train_loss,val_r2,val_rmse,val_mae,val_mape,val_r2_log,val_rmse_log,val_mae_log
1,1.5641743868337359,-2.192697653847984,10616.23425081574,779.8136500866699,81.23242966964885,0.2777338089268925,0.6730872839757867,0.4949277493772429
2,0.44331824908665246,-0.33678586789996356,6869.4587356387965,464.4988162964884,58.91626223343957,0.49198459538805184,0.5644964091001841,0.39955919504616216
3,0.4065052735492161,-0.17369822535157664,6436.79710977645,416.80972305145264,54.12396485458623,0.5348799344305342,0.5401386823097659,0.37743524815751706
