epoch,train_loss,val_r2,val_rmse,val_mae,val_mape,val_r2_log,val_rmse_log,val_mae_log
1,0.5607991619055612,-0.08557519090917198,6190.440462907263,398.6897345452881,46.36990639291669,0.6001374385316892,0.5008159070970861,0.3457569381761758
2,0.31447061088017053,-0.011251842651409882,5974.770929435289,394.9279847473653,45.170593399774184,0.6136411035062127,0.4922868117527002,0.3441302784727296
3,0.30210369321005687,-0.020055860064647657,6000.722918730476,365.15383738952636,38.9108571617647,0.6514114858309787,0.46760514326962516,0.31679111708198937
