epoch,train_loss,val_r2,val_rmse,val_mae,val_mape,val_r2_log,val_rmse_log,val_mae_log
1,0.31515030717713494,-0.05701933202593246,6108.478665504057,388.9454329492696,44.0783446181469,0.624466485830061,0.48534112608597596,0.33268821277468924
2,0.21858139988354275,-0.017495714655260564,5993.1878535805645,379.0733251174927,41.82005604522045,0.6393859002461477,0.47560246236803305,0.32504868695079714
3,0.20145491371767862,0.007491403769911753,5919.141671770931,358.91432615509035,33.73008949772468,0.6511573827783119,0.46777554224149775,0.31547035539269563
