epoch,train_loss,val_r2,val_rmse,val_mae,val_mape,val_r2_log,val_rmse_log,val_mae_log
1,0.4532270482826233,-0.10363550006459099,6241.722077833783,406.0434118958028,39.95306388385712,0.5858704908277736,0.509672066115168,0.36132810081284905
2,0.27597735124588013,-0.0964037204690702,6221.238436866214,378.88102425923665,41.52538040607034,0.6398617893212244,0.47528854128654846,0.32285207596265025
3,0.2542705808598655,-0.004072870358924341,5953.525424895343,356.49765837687175,38.529476066889664,0.6541291292193894,0.46577882014438715,0.3139067351500287
