epoch,train_loss,val_r2,val_rmse,val_mae,val_mape,val_r2_log,val_rmse_log,val_mae_log
1,0.6488770867647443,-0.09313799580215365,6211.966303412654,407.6041379711914,42.989496220010665,0.5587642337335912,0.5260876383927158,0.37401325965573645
2,0.25619433744566783,-0.07957478768164239,6173.308250158934,386.96545016545616,39.00839054538973,0.6062024077963769,0.49700329842686386,0.34468631987871406
3,0.2570737826851436,-0.1684380067362612,6422.356863841807,580.4529734095255,75.48426449607716,0.40929434136581677,0.6087070172496436,0.4705452985810283
