epoch,train_loss,val_r2,val_rmse,val_mae,val_mape,val_r2_log,val_rmse_log,val_mae_log
1,0.5817342014517103,-0.10145221973200957,6235.545140165235,431.9814581930542,41.3935242359746,0.5197943589995028,0.5488281408961305,0.4028787796845271
2,0.33103966861588613,-0.1311923961894661,6319.167028991457,402.85706273905436,43.66008422164308,0.6150753241950275,0.491372241913705,0.3377012501671323
3,0.29203571869918277,-0.056235248559052486,6106.212649395382,370.5887977671814,40.01734231127854,0.6442924151506478,0.47235585802543023,0.32025693586994275
