epoch,train_loss,val_r2,val_rmse,val_mae,val_mape,val_r2_log,val_rmse_log,val_mae_log
1,1.7252204715715136,-34.01375661342749,35156.930508045494,3414.321688941447,912.25833603778,-0.171723382096864,0.857304870498326,0.5513310236625695
2,0.4081376446846553,-0.6404052645404088,7609.693651807345,503.5299489952596,60.6215796704049,0.49288740600195513,0.5639945936356228,0.3961741199005131
3,0.3534587309306009,-0.2935132774740452,6757.3597674644025,426.6594136661784,52.655709096942836,0.5516467576081213,0.5303137653057212,0.36776792531120056
