epoch,train_loss,val_r2,val_rmse,val_mae,val_mape,val_r2_log,val_rmse_log,val_mae_log
1,0.6110740905720847,-0.06130594863898686,6120.852238903343,381.45194989339194,42.98606633538737,0.6249521728393734,0.48502717255403965,0.33212900731442846
2,0.3257442225442614,-0.0003436022366665181,5942.459023629717,479.19975408452353,41.28874806481463,0.36662279436132184,0.6303096520729204,0.49614428804762845
3,0.31677031029020036,0.00017739125139615286,5940.911362575736,368.3034903250631,41.63060957969332,0.6391023234353477,0.47578942583609557,0.32464539145807203
