epoch,train_loss,val_r2,val_rmse,val_mae,val_mape,val_r2_log,val_rmse_log,val_mae_log
1,0.878944627393995,-0.4230270460996275,7087.583255574567,466.3576332070923,59.51462898476764,0.5173900442337627,0.5502003738628153,0.3812483920429613
2,0.288173251153401,-0.14149766883334425,6347.885882223286,394.2210521525065,48.92341347433394,0.5794151049470473,0.5136290496751827,0.3526624401157095
3,0.26519920107160294,-0.009405708499599319,5969.314688480383,366.9516907555135,43.6136383915813,0.6233148344877546,0.48608475596835987,0.32962265142584773
