epoch,train_loss,val_r2,val_rmse,val_mae,val_mape,val_r2_log,val_rmse_log,val_mae_log
1,0.4290216472189767,-0.04164008045069312,6063.8777541200525,413.5669649442037,50.45083769356219,0.5907760979746477,0.5066443908460774,0.3530308536444672
2,0.2745253204972403,0.003162355583440468,5932.036456216205,440.1201988930257,37.88724628679597,0.5161679780714377,0.5508965428270571,0.4068708958814102
3,0.21502231247697556,0.007294435818796519,5919.728983243082,367.38811032602945,34.04997272773921,0.6425881057836561,0.4734861101607767,0.32268437787828974
