epoch,train_loss,val_r2,val_rmse,val_mae,val_mape,val_r2_log,val_rmse_log,val_mae_log
1,1.2974907328592027,-1.966045985360247,10232.47132488413,725.1033802534994,79.13560188992047,0.34629890169039423,0.6403425337510232,0.4595069418173554
2,0.3369578654943194,-0.8155605832749742,8005.65681608022,549.703577408549,66.63561346364513,0.45638862790504287,0.583938364955987,0.4128035629924912
3,0.2821500250857217,-0.1565672847397266,6389.649678270521,390.3716444648234,43.362162718585786,0.6120933830996005,0.4932718554867864,0.33743587812166764
