epoch,train_loss,val_r2,val_rmse,val_mae,val_mape,val_r2_log,val_rmse_log,val_mae_log
1,0.9538376985767909,-1.2579957073734689,8927.97883913686,583.5057839039866,66.15871655279926,0.4435953384932936,0.5907695776110703,0.4118373987996691
2,0.3527236487892696,-0.2956882180836411,6763.0383653245235,420.33422241719563,51.76537335322722,0.5645779866131188,0.522610262375491,0.35975943318490483
3,0.3249330391556876,-0.25589867824998036,6658.384918720775,402.7180334644572,49.00304386676349,0.5928381692390413,0.5053662931311332,0.34490638235592574
