epoch,train_loss,val_r2,val_rmse,val_mae,val_mape,val_r2_log,val_rmse_log,val_mae_log
1,0.4134132709244319,-0.02376679197207543,6011.628232326201,415.15236921910605,38.627196179793856,0.5525260970632471,0.5297934671959726,0.3821431936960343
2,0.21353587432997567,0.0018762728309371646,5935.86186886518,392.60596505681355,35.404241489403404,0.5911513790485516,0.5064120270215106,0.3582179898758753
3,0.20927416066646576,0.0050089815743006305,5926.539407318826,385.92192354878745,34.05131002272383,0.5982891586834627,0.50197203028796,0.35329692729667983
