epoch,train_loss,val_r2,val_rmse,val_mae,val_mape,val_r2_log,val_rmse_log,val_mae_log
1,0.38452969099453516,-0.08197553466623253,6180.168507103618,524.4275773770651,64.22142593286333,0.4408092498020655,0.592246812857709,0.44076914824284613
2,0.26346377680233546,0.008557731766082988,5915.961123657113,359.29640588134765,39.06152515954489,0.647640445414718,0.4701276223980171,0.31913192234032817
3,0.19559708555630276,0.008631565162192989,5915.740836683564,352.6391178409831,36.49694579687874,0.6596168404398459,0.4620689388651724,0.3102506428722034
