epoch,train_loss,val_r2,val_rmse,val_mae,val_mape,val_r2_log,val_rmse_log,val_mae_log
1,0.46965958627837046,-0.14395115368753042,6354.704153744905,388.36618664311726,40.775416553479396,0.6171316521785224,0.49005799054142524,0.336840612794548
2,0.27773869914736066,-0.03156356166657259,6034.476394230961,363.9202560913086,39.49679878313331,0.6416040138825632,0.4741375064310888,0.3210099370240064
3,0.2561013983780997,0.005082223914716022,5926.321273889898,359.54732594528195,36.57212386228669,0.6466207883057823,0.47080735800866835,0.3186146790077088
