epoch,train_loss,val_r2,val_rmse,val_mae,val_mape,val_r2_log,val_rmse_log,val_mae_log
1,0.4295167989703587,-0.13639123563142208,6333.671491245903,531.1959168839518,69.27478557407055,0.4598678008717034,0.5820667303890692,0.4343109676963559
2,0.2755183764893668,-0.01374036625754016,5982.117874067114,384.71395054570513,40.55223071731638,0.6353508056862532,0.47825593915610015,0.32795138152184955
3,0.20936908487115588,0.007277271603529312,5919.780160080936,357.1632359032694,35.19479335639496,0.6597224696841352,0.4619972376387487,0.3112580356463031
