epoch,train_loss,val_r2,val_rmse,val_mae,val_mape,val_r2_log,val_rmse_log,val_mae_log
1,0.33526327963488445,-0.06812331284552342,6140.479605857178,387.525806810201,37.40489567836354,0.6140848401045584,0.4920040326644217,0.34182797773444396
2,0.22284439469269343,-0.010634791279006572,5972.947791510099,398.26698275863646,46.12127814907137,0.6177509895014861,0.4896614651471578,0.34284855673236275
3,0.20157857624122075,0.0028565219106283513,5932.946372377573,376.76487587478636,41.2262756464487,0.6434040213449554,0.4729453539305673,0.32577787451194096
