epoch,train_loss,val_r2,val_rmse,val_mae,val_mape,val_r2_log,val_rmse_log,val_mae_log
1,0.34427084767477856,0.005793418943812689,5924.2027451982,379.9202502275594,39.68395732919639,0.6122480472104028,0.4931735082870509,0.34290051658140425
2,0.23123255633354187,0.0052387615481994665,5925.85503998455,360.05225054173786,35.353055281940584,0.6506808701705915,0.4680949196122044,0.3170466215903102
3,0.21566102728979927,0.0076672449464649794,5918.617306065542,359.09928410390216,33.82568609902894,0.6489336989610969,0.4692640824310135,0.31822872605241675
