epoch,train_loss,val_r2,val_rmse,val_mae,val_mape,val_r2_log,val_rmse_log,val_mae_log
1,0.4027616132743018,-0.1525485265979687,6378.538866877906,391.6377158345032,40.006745791239446,0.612700241997638,0.4928858559045527,0.340407140160391
2,0.21800536768232073,-0.09591684645375809,6219.856967787144,375.1280325997925,41.981902749988635,0.639754162205632,0.4753595558470636,0.3224448803521127
3,0.2070196073913574,-0.041331887524752586,6062.980619630826,362.3481766271464,38.53324611464872,0.6550133950196281,0.46518302572391884,0.31343073010938866
