epoch,train_loss,val_r2,val_rmse,val_mae,val_mape,val_r2_log,val_rmse_log,val_mae_log
1,0.41341734513555256,-0.04985286007033629,6087.736049064877,375.5281718993632,39.22686387575402,0.6306198565031198,0.48134838123531576,0.32817018630892214
2,0.2532801287828173,0.006954862207564805,5920.741373998701,376.38720969207765,35.232428417775125,0.6288579751323322,0.48249499112623634,0.3340380600884345
3,0.24830188134602138,0.0045301774427232155,5927.965204237575,409.5725925499725,35.719248169758956,0.581047010204969,0.5126316189496969,0.3655273940848891
