epoch,train_loss,val_r2,val_rmse,val_mae,val_mape,val_r2_log,val_rmse_log,val_mae_log
1,0.38179272303717476,-0.0014025365706362702,5945.603447928129,541.6986092634583,46.75253681849368,0.13905170092330454,0.7348712871351676,0.6057141271932555
2,0.23883646285261426,0.007350422960776148,5919.562048860835,368.07676264689127,36.09937301358198,0.6339320022353863,0.4791854522736356,0.32811464048063554
3,0.1961987651668276,0.004289862099228103,5928.680693042822,373.97219835606893,36.17037337838589,0.653208284829857,0.4663984512657392,0.315893585935763
