epoch,train_loss,val_r2,val_rmse,val_mae,val_mape,val_r2_log,val_rmse_log,val_mae_log
1,0.9055581442928314,-0.7775179236181902,7921.338834261558,507.7870629833984,60.47595250464383,0.5168758249131615,0.5504934141696177,0.3805235230288394
2,0.31867277307919095,-0.33965533652013513,6876.827578356429,418.35133378214516,49.3413893640254,0.5912246391456677,0.5063666539243881,0.3456471008012002
3,0.292827507686615,-0.2742114111747158,6706.753449408905,398.50974674886066,44.64691494225006,0.6158415517058069,0.4908829377640922,0.3340664236053744
