epoch,train_loss,val_r2,val_rmse,val_mae,val_mape,val_r2_log,val_rmse_log,val_mae_log
1,0.557067548998424,-0.13312206224422152,6324.554567968297,399.2193428733317,49.23779492065704,0.6028362013359805,0.4991229859083578,0.34211454237809596
2,0.3274961044243404,-0.09601496357251693,6220.135392554467,424.0030847291565,46.53848351277233,0.6033109829447649,0.4988245633444367,0.34542911099728296
3,0.30861737953049795,-0.02413867382584889,6012.71999095941,370.9899577326457,43.505269249784206,0.6294642599375428,0.48210073646595053,0.3314682867576198
