epoch,train_loss,val_r2,val_rmse,val_mae,val_mape,val_r2_log,val_rmse_log,val_mae_log
1,0.3446765393938337,0.005433239332445661,5925.275753495833,367.47783229660035,40.25551298983652,0.631823456370644,0.480563521014327,0.3300816960848469
2,0.23368861158302853,0.005169626948278383,5926.060955979116,367.3791585952759,40.22225336207958,0.6461417799943492,0.471126341494554,0.3205482294498616
3,0.2100927640431268,0.003713473216919505,5930.396418893679,363.52875657552084,35.62317635055056,0.6527966706016954,0.4666751581459528,0.3164256931208482
