epoch,train_loss,val_r2,val_rmse,val_mae,val_mape,val_r2_log,val_rmse_log,val_mae_log
1,0.595542427621569,-0.4770753635590044,7220.926484623108,528.4742208500163,62.873909772556125,0.43708639835318186,0.5942150046949077,0.431592447844456
2,0.3557427551909855,-0.07620541760674127,6163.667225237849,417.9115596737671,55.98799179605568,0.539521437475867,0.5374368623937189,0.37355595301812233
3,0.281719055525916,0.008048249394485563,5917.4809755340075,361.93755245351156,42.78242897395574,0.6358004775038678,0.4779609644761079,0.3240886665998099
