epoch,train_loss,val_r2,val_rmse,val_mae,val_mape,val_r2_log,val_rmse_log,val_mae_log
1,0.7615714387253353,-0.3204669064187289,6827.400143736711,425.70925692677815,51.683258463405636,0.559723477918544,0.5255154714020194,0.3611926328409724
2,0.28202634662628173,-0.27721597796670383,6714.655993542813,402.1852418608602,46.190210954758285,0.6020761988557104,0.49960031215341183,0.3409083810011683
3,0.26369721965381077,-0.18403570000324088,6465.081362129398,388.46089103759766,42.39020160258825,0.6183424532490354,0.4892824855854414,0.3338636427904381
