epoch,train_loss,val_r2,val_rmse,val_mae,val_mape,val_r2_log,val_rmse_log,val_mae_log
1,1.9998648205838885,-2.8162331424680844,11606.707653912597,934.4499495388794,92.63416361032047,0.14886727898929464,0.7306701848608479,0.5443317423501106
2,0.6324170600945609,-1.5150134530035055,9422.404675925396,648.1715561380005,70.02900792641391,0.3611201727833123,0.6330417167555993,0.4657256610783404
3,0.5862433268574306,-0.5123904517940434,7306.738415544652,511.5676880172729,62.67980994152864,0.45782810132063234,0.5831647231749624,0.4176378262791169
