epoch,train_loss,val_r2,val_rmse,val_mae,val_mape,val_r2_log,val_rmse_log,val_mae_log
1,0.4526991200351715,-0.2642551877059478,6680.500001825818,397.545700512441,40.51331538852299,0.621430905339058,0.48729877656980314,0.33397426131394364
2,0.28530233299119134,-0.17248951057687,6433.48183855722,381.13417052912394,39.8677075269685,0.638379668640215,0.47626554356145756,0.32317214103465114
3,0.26107776112420217,-0.08115017255080992,6177.81085208536,367.5070271592204,35.356640742892054,0.6516666319185977,0.46743398234847877,0.31445111154080346
