epoch,train_loss,val_r2,val_rmse,val_mae,val_mape,val_r2_log,val_rmse_log,val_mae_log
1,0.646789888426917,-0.2995006380065808,6772.980804943632,413.4930692229207,50.33000120548562,0.5833633802137936,0.5112124974491099,0.3494127191541835
2,0.2728921270493099,-0.23644957705587322,6606.627205821748,391.5604714064535,43.97979025690563,0.6186726969151555,0.48907075466049504,0.33244554833916945
3,0.25562306682041713,-0.16427208420847839,6410.897577362878,379.979411807251,43.22874590963786,0.6320082801179556,0.4804428850016428,0.32489977001272885
