epoch,train_loss,val_r2,val_rmse,val_mae,val_mape,val_r2_log,val_rmse_log,val_mae_log
1,0.36456788812228613,0.0006980622916177293,5939.364256473579,496.0813335886129,42.29798135768312,0.33118455310640493,0.6477029726681578,0.5126464198263708
2,0.23838312626429967,0.007122394926542763,5920.24192049847,365.0287698565674,34.83941002700083,0.6361456889558242,0.4777343898848816,0.3260431907131826
3,0.222893727951731,0.0064865955349641125,5922.137161055738,382.8170729795837,43.50332464234132,0.6314016261795732,0.4808387397568401,0.3333543803000418
