epoch,train_loss,val_r2,val_rmse,val_mae,val_mape,val_r2_log,val_rmse_log,val_mae_log
1,1.6136865005002703,-2.5250319925194056,11155.091262945645,834.1410031424967,85.87805576673892,0.25339421856746414,0.6843344717236973,0.5016314009227586
2,0.5317198249898638,-1.580699965184762,9544.657619361735,646.1565716027832,70.25318365787228,0.3871761980088452,0.619998380728151,0.45066445115089254
3,0.49373552852630614,-0.6522001562167821,7637.002375753005,530.4395586200968,63.6990902396817,0.4521248877029743,0.5862239117985093,0.42053280390951775
