epoch,train_loss,val_r2,val_rmse,val_mae,val_mape,val_r2_log,val_rmse_log,val_mae_log
1,0.47077159366471427,0.0011448567879028815,5938.036343534386,466.31470691055296,41.41330085410835,0.44747662373752106,0.5887054702193963,0.4474484879023791
2,0.27541792699064527,0.0026412802420645587,5933.586675602987,366.98090113972984,39.74476068537583,0.6360569832512524,0.4777926208605966,0.3255187457923248
3,0.28495405068125046,0.0035514693670870567,5930.878563323031,431.41516297279355,37.04562063262453,0.5046934415785858,0.5573907818770756,0.4114704318028868
