epoch,train_loss,val_r2,val_rmse,val_mae,val_mape,val_r2_log,val_rmse_log,val_mae_log
1,0.3881745403657641,-0.012689515455931666,5979.016516201091,390.65710942759193,48.157812224991204,0.5994803769164188,0.5012272132173637,0.34719651319520245
2,0.25660703842503685,0.005156898997967563,5926.0988651394,369.90985149253845,35.165237406128604,0.6336653830453179,0.47935992366075664,0.3293003154315413
3,0.21138099288599832,-0.018224094873021013,5995.332598986212,365.4215379542542,35.66524298319189,0.6522522481368251,0.4670408932932984,0.316898169730738
