epoch,train_loss,val_r2,val_rmse,val_mae,val_mape,val_r2_log,val_rmse_log,val_mae_log
1,0.4887961127063206,-0.1261311812380692,6305.014477463278,390.1582518029277,39.21927376312569,0.6235676817677254,0.4859215880878901,0.3343411323931882
2,0.27063755361965725,-0.02701718431181921,6021.163931963863,369.7750222993469,36.9181347162563,0.6448028459358772,0.47201682740211887,0.32193186258523626
3,0.21395243441581727,0.006717045306854796,5921.450288437239,372.5540407684326,33.93555938343054,0.6378561490096757,0.4766101649286609,0.32680090756243046
