epoch,train_loss,val_r2,val_rmse,val_mae,val_mape,val_r2_log,val_rmse_log,val_mae_log
1,0.35235371441568647,-0.04607932575397822,6076.785485644378,385.08442606358847,36.869624632158995,0.6123514552128149,0.4931077426764079,0.34348637534029736
2,0.23140629808221544,-0.011804477877086272,5976.403271527756,385.69440936205547,39.899690586730166,0.6401620524943521,0.47509036541963573,0.32673842196820607
3,0.21836156869070872,0.004724971484431517,5927.3851822367815,371.416602402242,32.55356652325235,0.6212933326036172,0.4873873111823664,0.33469275124373365
