epoch,train_loss,val_r2,val_rmse,val_mae,val_mape,val_r2_log,val_rmse_log,val_mae_log
1,0.5371300496564593,-0.056635750083631864,6107.370211452751,382.4109028013611,39.65405873811404,0.6181747341259793,0.48938998118793064,0.33857075298886835
2,0.2793647366210393,-0.005629631876622687,5958.138949402266,364.161305288798,35.83252880721317,0.6459489002006229,0.471254723946799,0.3205818655959343
3,0.2545749155453273,0.0055968971016612246,5924.7882259885655,362.06078107073466,34.16210463656234,0.6466405823195382,0.47079417203519286,0.3199825550708842
