epoch,train_loss,val_r2,val_rmse,val_mae,val_mape,val_r2_log,val_rmse_log,val_mae_log
1,0.8195113729408809,-0.8084346657044452,7989.930616143477,549.0596250861613,65.98115088591192,0.45131544653182554,0.5866568011783102,0.41715145377215107
2,0.2722192146396637,-0.08269597270067774,6182.225710519357,377.48532518936156,43.18333804541666,0.62620832391172,0.48421423834793015,0.32795030177053064
3,0.24470410077163152,-0.033441539663986,6039.966827008688,370.20605981424967,40.199581839774275,0.6303300667512242,0.48153716030570115,0.3282967327983404
