epoch,train_loss,val_r2,val_rmse,val_mae,val_mape,val_r2_log,val_rmse_log,val_mae_log
1,0.3857748655312402,-0.042733058918574374,6067.058291365027,389.643946772817,42.55979849143936,0.6190119166878204,0.4888531733582628,0.33678046744101486
2,0.23750846725395747,0.006089204343698529,5923.321427843496,373.11222505874633,36.28327070117991,0.6254737608683041,0.4846897857360674,0.3335797901224256
3,0.18817034361771176,0.007874242764504102,5917.999970419398,360.20826090260823,35.108684004238256,0.6508365150495543,0.4679906243012639,0.31652663640500683
