epoch,train_loss,val_r2,val_rmse,val_mae,val_mape,val_r2_log,val_rmse_log,val_mae_log
1,0.8368704206575666,-0.7836199753608606,7934.923790636319,581.4801587946574,63.79672495307798,0.3957310186373443,0.6156556841010178,0.4571262248460137
2,0.433689036957877,-0.6030536857039359,7522.559469647664,545.1294303442382,64.09101143946896,0.44413548634961175,0.5904827536271109,0.4253046853262705
3,0.3907551647935595,-0.5963455807357019,7506.80359683205,547.8951647361247,67.96301290000805,0.45043923835996313,0.5871250378230887,0.41397850407743003
