epoch,train_loss,val_r2,val_rmse,val_mae,val_mape,val_r2_log,val_rmse_log,val_mae_log
1,0.6018914936583383,-0.10941254602144235,6258.037088776202,429.2131635541789,43.90529867025721,0.5331556614768307,0.5411389454938431,0.39254302186854956
2,0.34587141011646816,-0.03480673384615662,6043.954960766775,389.0978588189697,39.31079629374693,0.6052414014163179,0.49760936143028617,0.34816530738896434
3,0.3091795107242039,-0.04020971494285974,6059.712908030025,379.83205550420126,40.993008774836795,0.621355690972186,0.48734718259283866,0.33491847248924517
