epoch,train_loss,val_r2,val_rmse,val_mae,val_mape,val_r2_log,val_rmse_log,val_mae_log
1,1.7255873033659799,-33.93591430744573,35117.8284585871,3397.293649147949,911.0579036296643,-0.168434404082473,0.8561008157017225,0.5514262928995527
2,0.40696679158346993,-0.5043506363519059,7287.291351511171,475.81150152475993,58.94434405672189,0.4977923435040935,0.5612604079099273,0.39486035432963634
3,0.3532727820301056,-0.3161836498051678,6816.317980363461,433.38387974527996,52.85008503108835,0.5504350247607017,0.5310299026694343,0.3688313933819183
