epoch,train_loss,val_r2,val_rmse,val_mae,val_mape,val_r2_log,val_rmse_log,val_mae_log
1,0.5451748218904223,-0.2297305683004518,6588.652168123556,588.297406706136,80.9349401356846,0.37323490210202726,0.6270109783149386,0.4834692472125944
2,0.3725986279651097,-0.024562922542274768,6013.965244498955,417.10064595575966,53.752372846930726,0.5649582814376034,0.522381990277707,0.37049265144525345
3,0.35058997144971576,-0.07475544070998863,6159.513656024078,494.9717345709229,50.953248223487925,0.32535761147987863,0.6505183552105959,0.49906504188502043
