epoch,train_loss,val_r2,val_rmse,val_mae,val_mape,val_r2_log,val_rmse_log,val_mae_log
1,0.49088364688328334,-0.013281644773376122,5980.7642550423725,386.07030672454835,39.68426375861378,0.6058277715348745,0.4972396523286095,0.3478905910655926
2,0.2998144330229078,-0.06818402151014502,6140.654105849721,396.0513625476583,43.87489466522281,0.6241364597906278,0.48555434278670795,0.33290190503888073
3,0.2607093145104817,0.003088310746964029,5932.256767174334,366.0949668712362,40.49189135604001,0.6359237491666883,0.477880069217214,0.3246730673078993
