epoch,train_loss,val_r2,val_rmse,val_mae,val_mape,val_r2_log,val_rmse_log,val_mae_log
1,0.6015241006292615,-0.2642617512562242,6680.51734315894,412.7490978250122,46.76744777722753,0.5754949737915609,0.5160171801430365,0.35867955832233883
2,0.29773870188576834,-0.19624588370641716,6498.330933931338,384.972305794576,41.96699939993406,0.6323622487187545,0.4802117621236817,0.326270893289116
3,0.27376227196420944,-0.0714133060154507,6149.92917182411,368.32701740620934,39.50892437379,0.6428639488689378,0.4733033615150001,0.32019659940167006
