epoch,train_loss,val_r2,val_rmse,val_mae,val_mape,val_r2_log,val_rmse_log,val_mae_log
1,0.4117160635512216,0.003726649338014032,5930.357203327871,362.41681667373655,39.948106679323324,0.6414944871884382,0.4742099496903874,0.32193004168682515
2,0.25001311423369815,0.006842672751970036,5921.0758129715405,364.99116163970945,36.71454558370708,0.6444635551101946,0.472242213150205,0.32262717271845354
3,0.21370860011577605,0.008936348369256386,5914.831408361616,360.980767817688,40.05994263537762,0.6510080928059492,0.46787562566651414,0.3179844190700083
