epoch,train_loss,val_r2,val_rmse,val_mae,val_mape,val_r2_log,val_rmse_log,val_mae_log
1,0.33747311118125917,-0.04169156395988005,6064.027607152059,373.0144598280843,36.889265162539616,0.6290902936401459,0.482343957215244,0.3308850629262677
2,0.23101752583163127,0.004472812594589315,5928.136003952995,365.09685814682007,35.277689370734834,0.6422307052297518,0.47372278655180683,0.32380760613518283
3,0.2149449338054657,0.007984756740320065,5917.670354987633,355.90746406728107,38.933084975161904,0.6548357295638136,0.46530279315142403,0.31436948402726966
