epoch,train_loss,val_r2,val_rmse,val_mae,val_mape,val_r2_log,val_rmse_log,val_mae_log
1,0.8252326841967447,-0.4507904875467301,7156.38910627673,444.26074755808514,52.045173300456646,0.5598652096318699,0.5254308788793555,0.3623527085596349
2,0.28029879153660364,-0.2979226143211693,6768.8672360623095,404.7013552440389,47.22366398430158,0.6052468560910848,0.49760592349807437,0.3385008239470913
3,0.26247979869978766,-0.26812005641030767,6690.703461209759,392.50936678059895,43.30494761484757,0.6236257225544363,0.48588412536602593,0.3295140426536554
