epoch,train_loss,val_r2,val_rmse,val_mae,val_mape,val_r2_log,val_rmse_log,val_mae_log
1,0.40479454441206797,-0.009453524742173869,5969.456072076973,389.45377682159426,38.51053884309731,0.5965739260042913,0.5030425536862638,0.3531379619942559
2,0.2626991208750861,-0.005150159928062781,5956.7183960496,458.3625393551127,55.983898731058424,0.5468035219961216,0.5331703694842643,0.3907396147378615
3,0.22077878962448666,0.008992734827553694,5914.6631441245145,354.834738559672,36.644790965811595,0.6615208127145649,0.4607748087864376,0.31098855208684134
