epoch,train_loss,val_r2,val_rmse,val_mae,val_mape,val_r2_log,val_rmse_log,val_mae_log
1,0.5252131087521145,-0.041229571367937146,6062.682752965097,416.8810519418844,39.504055126579274,0.5477995420641814,0.532584155210035,0.38739218784637697
2,0.30433187734058925,-0.03093728436932075,6032.644306761286,387.04615505757647,37.190150112214155,0.6043085371730754,0.49819697125522555,0.3497580698330912
3,0.27284836129869733,0.001856311228955354,5935.921224592535,357.70351172058105,37.193777114184044,0.6544671038644349,0.465551191973895,0.314731065648564
