epoch,train_loss,val_r2,val_rmse,val_mae,val_mape,val_r2_log,val_rmse_log,val_mae_log
1,0.40847847275733945,0.005686534496139095,5924.521184108567,364.62646947138467,41.06502815672092,0.6369259507805851,0.4772218798653608,0.3251664871842755
2,0.24463414270128522,0.007869158618356242,5918.015133788551,357.33286166915894,33.254457903391256,0.6472252132930334,0.47040454778621976,0.31693877877340026
3,0.21586341178212848,0.008904390503957749,5914.926772499579,361.2941607878113,37.82699236615681,0.6537790294789845,0.46601449740568895,0.3162803215462816
