epoch,train_loss,val_r2,val_rmse,val_mae,val_mape,val_r2_log,val_rmse_log,val_mae_log
1,0.41775755729402814,-0.023150442458242715,6009.8183367447555,373.51589359135943,40.54561191472782,0.6265554382408525,0.4839893580872118,0.3297322018634086
2,0.27490327807017734,0.006943640320304145,5920.774827515548,370.4964498247528,36.073347035600115,0.6326806314755031,0.48000377986360476,0.32988357178863653
3,0.23345908490930284,0.007581923374100463,5918.871744346402,359.71329259175616,38.038442777459885,0.6573005212297638,0.4636384707926564,0.3140647480204544
