epoch,train_loss,val_r2,val_rmse,val_mae,val_mape,val_r2_log,val_rmse_log,val_mae_log
1,0.5782085614272526,-0.27326195074706816,6704.25426300909,410.6622083150228,44.86007139910731,0.5850580355326271,0.510171768341572,0.35436305035069066
2,0.29712734204292296,-0.22021970523152978,6563.124055288217,393.0156283860779,39.055620888723084,0.6246478507843846,0.48522391350939814,0.3333996050539231
3,0.2766644703769684,-0.12021816887327708,6288.4397226532865,373.2236896625773,38.663009409514345,0.6431031950239943,0.473144801521307,0.3205490766299604
