epoch,train_loss,val_r2,val_rmse,val_mae,val_mape,val_r2_log,val_rmse_log,val_mae_log
1,0.699209277823312,-0.35974108914512315,6928.188685817729,447.421059013265,53.56774178142768,0.5528135432766256,0.5296232767231299,0.3682580008033551
2,0.3274263098716736,-0.2141914652022321,6546.892112558297,400.81465376805625,44.98341682652582,0.5956027857096564,0.5036476599007224,0.34797251921986305
3,0.30457853509494237,-0.18407061499945487,6465.176682999888,386.3068114065043,43.858456358366396,0.6227251019009311,0.4864651106211089,0.33040813908838373
