epoch,train_loss,val_r2,val_rmse,val_mae,val_mape,val_r2_log,val_rmse_log,val_mae_log
1,0.5359509824126107,-0.256529100548329,6660.055860717518,400.9032762493388,47.18576961772397,0.6081109349895094,0.4957974805211487,0.33759489744725973
2,0.2617703324392864,-0.20191001749664106,6513.697318504691,386.095586026001,44.26482145965989,0.6312042240388176,0.48096747864767814,0.3272513901739919
3,0.24584247864655087,-0.08971836807514633,6202.242347484939,371.3753489052836,40.28934800991534,0.6415856010563025,0.47414968583563094,0.32057980415043263
