epoch,train_loss,val_r2,val_rmse,val_mae,val_mape,val_r2_log,val_rmse_log,val_mae_log
1,0.4220024209349496,-0.0469770921178605,6079.392536307285,376.96520374730426,38.98845837968272,0.6345359733931728,0.4787899879500744,0.32825358804277666
2,0.25609699125085555,-0.0025779583552900665,5949.091826479034,364.008726146698,34.974762494857245,0.645365388388702,0.4716429016582748,0.320173611837511
3,0.224707645205089,0.0018895266359758578,5935.82245841186,361.29607533340453,34.184299756106576,0.6519057384914,0.46727352438730774,0.31592609659839976
