epoch,train_loss,val_r2,val_rmse,val_mae,val_mape,val_r2_log,val_rmse_log,val_mae_log
1,0.47121147381101336,-0.12916725198814039,6313.507975201828,481.80153268529256,61.51894311678674,0.5218375349929691,0.5476593210079801,0.3998870496961557
2,0.2355526297698702,-0.1148250655708356,6273.284138186871,478.7064084516398,55.71071146530561,0.5509942573557213,0.5306995147862049,0.38579671062393134
3,0.2301985455424445,-0.05022961639170198,6088.828291316333,483.838160128123,55.41184039670044,0.546029279802549,0.5336256100459457,0.3935282878178087
