epoch,train_loss,val_r2,val_rmse,val_mae,val_mape,val_r2_log,val_rmse_log,val_mae_log
1,0.45002070080620904,0.0022560024909011878,5934.73263149182,449.4330162817383,39.51783583052421,0.4665893559206339,0.5784336923724971,0.4346406390300135
2,0.29211031897408624,0.005957671722628066,5923.713356486089,392.90619807617185,35.472996736218754,0.6012972264596719,0.5000890798218888,0.35266021016513527
3,0.24335277245112827,-0.1576555741781911,6392.655190056672,686.4199160891216,83.71284422179916,0.3152557196863084,0.6553705916151582,0.5253088257192646
