epoch,train_loss,val_r2,val_rmse,val_mae,val_mape,val_r2_log,val_rmse_log,val_mae_log
1,0.4314272555119651,-0.04415276567223092,6071.187111151498,405.23115313161213,39.57217939414186,0.5780309116879427,0.5144735615358025,0.3669651300470222
2,0.2598100668954849,0.0068210548834578555,5921.14025409196,373.45426423868815,36.16242683206712,0.6238106459969157,0.485764746319898,0.33475169436341207
3,0.21419806539126804,0.0034363255925691227,5931.221222274317,365.12245836466474,37.7851040996388,0.6551192805155401,0.46511163177015413,0.31450731577042534
