epoch,train_loss,val_r2,val_rmse,val_mae,val_mape,val_r2_log,val_rmse_log,val_mae_log
1,0.5395530226271493,-0.13045481870677533,6317.106532767575,410.5609103687541,48.090542018955794,0.6044388818758383,0.4981149089783398,0.34745408208356815
2,0.3212412117290497,-0.0009651162048711637,5944.304763330043,517.6307025602722,43.289941610342964,0.2600688304426272,0.6812686492621363,0.5527129494693385
3,0.3430381931413923,-0.010839467343847664,5973.552588400838,415.85630956319176,50.714205411392534,0.5872333438880474,0.5088327386451702,0.36522091897923564
