epoch,train_loss,val_r2,val_rmse,val_mae,val_mape,val_r2_log,val_rmse_log,val_mae_log
1,0.5210488733414241,-0.035111039052728055,6044.843567164885,379.7924111530558,38.795504609962876,0.6234189026099977,0.4860176051660365,0.33592790247789867
2,0.3254320084462847,0.0022692067632659185,5934.69336085449,460.1422784201813,38.28838679789061,0.4603309488725671,0.5818171240355485,0.4420988439342925
3,0.267002197463853,0.006477496658976789,5922.164279294905,359.317925900828,38.32340158537673,0.6530511193019134,0.46650412486236287,0.3159644593883035
