epoch,train_loss,val_r2,val_rmse,val_mae,val_mape,val_r2_log,val_rmse_log,val_mae_log
1,0.4017766846908842,-0.1105729023647486,6261.308935349767,381.0832709788513,45.32383267341905,0.6222889546199453,0.48674621751698677,0.330514183913523
2,0.217671197479793,-0.0029537447132164107,5950.206641584076,385.4566925197856,35.08981907086613,0.6065192006937561,0.4968033495246848,0.3475808899735352
3,0.20912815234048027,0.004446362035164908,5928.214756936394,398.9536615444692,34.704095029085906,0.570756541728468,0.5188891448768667,0.3710693763696819
