epoch,train_loss,val_r2,val_rmse,val_mae,val_mape,val_r2_log,val_rmse_log,val_mae_log
1,0.36925285158293586,0.005741094853386697,5924.358635557252,366.3132375990804,40.2640154131099,0.6353689576107563,0.47824403542249094,0.32538129349729494
2,0.24124734173229762,-0.00772627782176305,5964.346803181569,407.0577004074605,37.08401053665013,0.5561618295790778,0.52763678736017,0.38108427382659626
3,0.21321320353780474,0.006681239884316237,5921.557014379705,376.98243320444743,35.81488417356438,0.6318495317881241,0.48054650320516695,0.33016887818647933
