epoch,train_loss,val_r2,val_rmse,val_mae,val_mape,val_r2_log,val_rmse_log,val_mae_log
1,1.4160294468893324,-33.84127043722643,35070.22785409,3319.450524396566,906.8834225754088,-0.09459460129949315,0.8286085184087842,0.5196800324072948
2,0.39137936599322726,-0.4246600689121933,7091.64883764896,451.66783085144044,56.1407056711768,0.5335433887932977,0.5409141832806912,0.37488989551760554
3,0.3435400794206347,-0.3087319710259022,6796.995027802075,421.1048409702555,51.33874994058597,0.5696535688915889,0.5195553791987579,0.35751171617494365
