epoch,train_loss,val_r2,val_rmse,val_mae,val_mape,val_r2_log,val_rmse_log,val_mae_log
1,0.3658262056241717,-0.03776704346049775,6052.593868692799,377.84848034601845,43.690938874677556,0.6317116899570894,0.4806364572001861,0.32817567535638736
2,0.22669850328786031,0.004921047064040396,5926.80128698246,358.01718314834596,38.14353092793051,0.6490244778382583,0.46920340725290666,0.31771720180274854
3,0.20919778180394855,-0.019710372904707674,5999.706627185739,360.5755940935771,35.16461078115613,0.6595217692633399,0.4621334637533707,0.3099517986121519
