epoch,train_loss,val_r2,val_rmse,val_mae,val_mape,val_r2_log,val_rmse_log,val_mae_log
1,0.4347858387538365,-0.231215415550438,6592.628726446523,395.1023869020589,46.04162417265732,0.619959750344208,0.48824470283773735,0.33246657435853505
2,0.27547432676587785,-0.08829460935609057,6198.1892897821945,373.70172616470336,37.16149569745655,0.643858916180035,0.4726435991900509,0.32172735372792227
3,0.252500922397886,-0.04043091093482665,6060.357159347502,360.2551900552368,36.37772690287992,0.6577819242478051,0.46331271103611715,0.31133941921830205
