epoch,train_loss,val_r2,val_rmse,val_mae,val_mape,val_r2_log,val_rmse_log,val_mae_log
1,0.8612075321647099,-0.7512411213376644,7862.570806014115,564.2330672603352,66.90089456226328,0.41987276631217774,0.6032319970180521,0.4377614821435216
2,0.38136761444909234,-0.23531295488261628,6603.589894132401,424.3611607795207,46.89299260008082,0.5858029558862361,0.5097136222820633,0.35482365744418526
3,0.31886176711899894,-0.2249116743414581,6575.730158046739,411.96060427154544,45.277985716785714,0.6038438539218229,0.4984894161054865,0.34486727264067146
