epoch,train_loss,val_r2,val_rmse,val_mae,val_mape,val_r2_log,val_rmse_log,val_mae_log
1,0.6058569905253819,-0.2966977671311184,6765.672598394509,414.76751167541505,46.8959249399756,0.5829330117037559,0.5114764600540014,0.3530678395459027
2,0.26891946632385255,-0.23620824364088566,6605.9824250955135,387.88609788915,44.16960348782678,0.6228933797412186,0.48635660826792815,0.3300653662293838
3,0.25056136570385523,-0.11260106329423714,6267.023620813288,377.0022058155823,39.67802894368355,0.6321228034839221,0.4803681194364041,0.32716099736128346
