epoch,train_loss,val_r2,val_rmse,val_mae,val_mape,val_r2_log,val_rmse_log,val_mae_log
1,0.48453529177938187,-0.16500549326118796,6412.916465457914,388.0173299077352,44.39677835237591,0.62439435008615,0.48538773812024677,0.3301449516357632
2,0.24630610707691739,0.0024522439215278746,5934.14896589353,362.35717539372763,36.675851546321326,0.6424364681645809,0.4735865414751739,0.3214442084877101
3,0.22913354969365257,0.007760720112075181,5918.338540319277,353.0838251516215,36.2235447109979,0.6586728099397154,0.4627092542419113,0.3115355021966958
