epoch,train_loss,val_r2,val_rmse,val_mae,val_mape,val_r2_log,val_rmse_log,val_mae_log
1,0.3232504815755572,-0.00705724645113448,5962.366603933937,438.78200574422203,38.20929890161717,0.4924839510096355,0.5642189039727846,0.42224373669134224
2,0.24877886525222234,-0.05327587079615981,6097.652404251557,475.972935098114,57.56543608734855,0.5366282079663247,0.5391226014483435,0.39770018323624445
3,0.2281413631071363,0.0044334007936108755,5928.253346908061,368.7246411001587,37.569269650056384,0.6445560754578152,0.47218076395535424,0.32226570338522914
