epoch,train_loss,val_r2,val_rmse,val_mae,val_mape,val_r2_log,val_rmse_log,val_mae_log
1,0.3963073466382708,0.007519956541996442,5919.056529375556,364.08059749120076,39.471942198189716,0.6387056810887759,0.47605081074193323,0.3245094667567938
2,0.2452290139933995,0.008303345162722575,5916.720040631459,354.88511017242433,35.65459139673369,0.6549861494980237,0.46520139441384345,0.3136326561200372
3,0.21830344624723708,0.008103627066540997,5917.315795678052,358.0620590643819,34.67048438001197,0.654960565348093,0.46521864236138577,0.31377082550766017
