epoch,train_loss,val_r2,val_rmse,val_mae,val_mape,val_r2_log,val_rmse_log,val_mae_log
1,0.4295870092739378,-0.04865933389965926,6084.274640900366,384.66078535990397,39.770051250333715,0.6058665515505846,0.49721519165578587,0.3434555136417555
2,0.2435213816520146,-0.005602165482527122,5958.057582612393,430.67525071528115,37.199641526787346,0.4969818103892545,0.56171314567216,0.41950005028604165
3,0.230300725006376,0.005765584546982727,5924.285673363802,383.5216335385386,33.49304535628458,0.6030144276203533,0.49901098323143556,0.3491767443126581
