epoch,train_loss,val_r2,val_rmse,val_mae,val_mape,val_r2_log,val_rmse_log,val_mae_log
1,0.31380000287328447,-0.07022505025509385,6146.517922400661,404.0490177669271,48.67260882887467,0.6005028872452047,0.5005869979875216,0.3492242032160331
2,0.21062817079544066,0.006792774212956432,5921.22455542824,354.7071822355652,35.40473375679295,0.654233248930822,0.46570870668469233,0.3127972781200903
3,0.1989642467212677,-0.0025728149130943567,5949.076566394311,377.80159225130717,36.190584666787764,0.6347953731919743,0.4786200395232725,0.32939552142921136
