epoch,train_loss,val_r2,val_rmse,val_mae,val_mape,val_r2_log,val_rmse_log,val_mae_log
1,0.4082406488622938,-0.023161821103824032,6009.851754803283,368.15010540715537,39.13522317685565,0.6415643272198477,0.4741637573032206,0.32215243994203246
2,0.24877183763912747,-0.010119946665730017,5971.426207372101,363.3898606726583,35.94337656678311,0.652534690960974,0.46685118804851616,0.31647326187670294
3,0.2213095790719986,0.008222463028422222,5916.961317631492,355.21969278930663,37.431279155972454,0.6564784930554981,0.46419419911134613,0.3137708323384412
