epoch,train_loss,val_r2,val_rmse,val_mae,val_mape,val_r2_log,val_rmse_log,val_mae_log
1,0.8889547329330444,-0.6421339407995084,7613.7021834869,560.1757779822794,66.18468073410659,0.4028423946173707,0.61202227191618,0.4495872400519728
2,0.39972520359175545,-0.625476062962899,7574.986888420229,555.6701369434611,69.01843751359552,0.44005154308093464,0.5926479259652719,0.4191885161069373
3,0.36681872266360693,-0.4933997076940586,7260.718966168063,519.3344739794921,68.92184124016107,0.4475691751858929,0.5886561620560311,0.4129963498690217
