epoch,train_loss,val_r2,val_rmse,val_mae,val_mape,val_r2_log,val_rmse_log,val_mae_log
1,1.6136852271325248,-2.5241917226700648,11153.761651537256,834.0242129315186,85.88210645215386,0.2534504323959613,0.6843087086063199,0.5015978972587262
2,0.531711123665401,-1.5798049535100724,9543.00238610985,646.0135163852946,70.24912625397735,0.38721869290440547,0.6199768841551506,0.4506463422590781
3,0.493741989844186,-0.6545554062038974,7642.443800027255,530.7999059581502,63.702222093277236,0.45192959444804925,0.5863283839426504,0.4206495099053498
