epoch,train_loss,val_r2,val_rmse,val_mae,val_mape,val_r2_log,val_rmse_log,val_mae_log
1,0.5684794714001247,-0.015459223629014529,5987.187245293292,381.60606771291094,45.24054428272976,0.6125969686541617,0.4929515654440554,0.3379611757105496
2,0.32056982131004336,0.003730321085868793,5930.346275204385,419.07484156880696,38.21392411665489,0.532985611619036,0.5412374924986437,0.3968017631815449
3,0.30929526698793686,0.0037350194620416888,5930.33229152553,433.4990828001912,37.90843129087576,0.5036447971864151,0.5579805132888144,0.41621604829298836
