epoch,train_loss,val_r2,val_rmse,val_mae,val_mape,val_r2_log,val_rmse_log,val_mae_log
1,0.2877841293811798,-0.3050145418405523,6787.334793072247,423.7145913840739,48.917809901135215,0.5799904579636113,0.5132776115211937,0.35336074038716814
2,0.147603839635849,-0.05666297107996532,6107.448879826128,373.39990274683635,42.2407198919008,0.635806030848419,0.47795732046798584,0.3250484016141804
3,0.13785415887832642,-0.03844741597586454,6054.577620155359,367.4394273973592,37.782986640869936,0.6468777904903887,0.47063612477933386,0.31906283881169467
4,0.1328221559524536,0.001391920451138673,5937.301920854771,374.1991236994934,35.29303641846055,0.6296006193937447,0.4820120202688966,0.3325838471395939
5,0.1283743679523468,-0.02901339339699094,6027.012747072715,371.59689741307574,34.52098181243276,0.6401792602497995,0.4750790056719781,0.3251084654761933
6,0.12436718493700027,9.500108502447091e-05,5941.156137292757,371.1182422773743,33.86958571212351,0.6343990670414511,0.4788796592282445,0.32864752860457663
7,0.1206086277961731,0.0003488804153682912,5940.401849386219,366.9595942835744,33.88950527622177,0.6438508083310669,0.47264897922240595,0.3223519692350563
