epoch,train_loss,val_r2,val_rmse,val_mae,val_mape,val_r2_log,val_rmse_log,val_mae_log
1,0.5826156943689074,-0.1216721182581364,6292.519333441772,510.33835650772096,50.0707703114847,0.22359069379909058,0.6978596831666956,0.5456573460227571
2,0.3289646638938359,-0.049480887230990866,6086.657482169431,429.7240957210286,56.42393997725426,0.5526301483647365,0.5297318670619827,0.3778893983875844
3,0.2739503661019462,0.004823694048010085,5927.091202605367,370.60898754699707,36.26834323991633,0.6322858125883931,0.480261680312232,0.3294110976295312
