epoch,train_loss,val_r2,val_rmse,val_mae,val_mape,val_r2_log,val_rmse_log,val_mae_log
1,0.5025587242521559,0.0010247122112504448,5938.393453079122,387.8815411571757,39.33370623939091,0.601274026227344,0.5001036295251147,0.35240569585421994
2,0.27821446178436277,0.0055320656598129014,5924.981360091696,359.53236888061525,38.36842519765215,0.6479670764034741,0.469909671939336,0.3180113945806016
3,0.24402059511934007,0.0034603787693445742,5931.149643519708,378.59600074498496,40.80938014576661,0.644387676641041,0.4722926033493744,0.3234466984983449
