epoch,train_loss,val_r2,val_rmse,val_mae,val_mape,val_r2_log,val_rmse_log,val_mae_log
1,0.38290699798175265,0.000992205468421714,5938.490070213105,382.71636282414755,37.43843529725272,0.6085532813339372,0.49551758482416464,0.34679372600084096
2,0.2388733852304731,-0.01716991967709247,5992.2282884438,391.1564417115275,44.397023916506825,0.6187741022413259,0.4890057217130003,0.33608875508033764
3,0.22325110637732914,0.006716293009618179,5921.452530844512,389.4712578903707,43.31898925701507,0.6265258286273168,0.4840085449428575,0.33618224284985493
