epoch,train_loss,val_r2,val_rmse,val_mae,val_mape,val_r2_log,val_rmse_log,val_mae_log
1,0.42779107639312747,0.00458084864766406,5927.814330270594,367.3247408723958,40.65116787764204,0.6279078912706332,0.4831121641732614,0.3293533793794563
2,0.25575018343789235,0.0010656742349772763,5938.271702766529,364.6137699978129,40.66232271501811,0.6393980113370948,0.47559447583472286,0.3227455480936605
3,0.2319184389584405,0.007050451276941483,5920.456406197817,370.579738118337,35.79945531261655,0.6276869006633767,0.4832556063488615,0.3333520793260019
