epoch,train_loss,val_r2,val_rmse,val_mae,val_mape,val_r2_log,val_rmse_log,val_mae_log
1,0.4338196315710885,-0.008339676165409315,5966.161762247711,389.08759784225464,38.49523451543809,0.5823317673443691,0.5118449998735626,0.36097069497170037
2,0.3277091439117704,0.0050716723176804646,5926.35269959647,393.4078709069316,37.994644740958584,0.5852516529226632,0.5100527280176241,0.36258424685114815
3,0.2786699569334303,-0.11451278061963466,6272.405440038084,893.1580569075521,115.24784867665335,0.016101492313710386,0.7855935222163223,0.6619971566211645
