epoch,train_loss,val_r2,val_rmse,val_mae,val_mape,val_r2_log,val_rmse_log,val_mae_log
1,0.6175015603487832,-0.13612418062381337,6332.927232569801,391.0731612569682,43.01094259883387,0.617289101934402,0.48995721511069823,0.3356702615947801
2,0.28864054652895244,-0.07719387513755183,6166.497133397355,514.5202743614706,67.91039858901915,0.47009361385331283,0.5765305423918361,0.4327873622615629
3,0.29126805547373635,0.0011958505264535457,5937.88476673186,389.4169333576965,49.17965033591609,0.6019365126985892,0.4996879936694344,0.3473424205177045
