epoch,train_loss,val_r2,val_rmse,val_mae,val_mape,val_r2_log,val_rmse_log,val_mae_log
1,0.34625930568558827,0.001201848735860933,5937.86693704535,425.34777296447754,37.73331028374865,0.5349761713231029,0.5400828000104434,0.39595765727491655
2,0.2529609378692082,-0.016480135934818563,5990.196158630823,452.683800520223,57.007022331096934,0.5424994873773259,0.5356961625268649,0.39499951744951683
3,0.24494882091726575,0.0056707165620114575,5924.568308740975,376.9953002163696,33.05474473485644,0.621484743897134,0.48726412451196965,0.33613603459756164
