epoch,train_loss,val_r2,val_rmse,val_mae,val_mape,val_r2_log,val_rmse_log,val_mae_log
1,0.8249337568950653,-0.46705073312887024,7196.381238278103,444.70641115346274,53.564044740754056,0.5607490047761957,0.5249030785094421,0.359966895115582
2,0.2796980684457506,-0.26660991831118475,6686.718469411892,401.48720053059895,45.64194229018367,0.6035641088708633,0.498665388811058,0.34073520446969907
3,0.26217989111287254,-0.2697790913569611,6695.078631647943,394.19108734868365,44.16424521219469,0.6213835070348083,0.48732928145395876,0.3304959526349839
