epoch,train_loss,val_r2,val_rmse,val_mae,val_mape,val_r2_log,val_rmse_log,val_mae_log
1,1.9225981416893005,-2.5890991261827643,11256.006178915013,873.0925676039632,88.3409204225197,0.19621212195223325,0.7100574181033938,0.5271767021764978
2,0.5014053407028743,-0.6473386920569668,7625.7584703901475,508.0823211151123,61.22321849934438,0.45666659105791574,0.5837890541510223,0.4188373594816193
3,0.4604771520996094,-0.27046027650212556,6696.874210367836,438.3842514613851,56.46442876185437,0.5125610497882063,0.5529461743708293,0.3897080754948027
