epoch,train_loss,val_r2,val_rmse,val_mae,val_mape,val_r2_log,val_rmse_log,val_mae_log
1,0.7313659718922206,-0.27739058398669103,6715.114952447068,428.83785311472576,51.56112806984198,0.5664662634474065,0.5214758398646543,0.35968166459544376
2,0.376523738822937,-0.046982096957008945,6079.407066876115,403.2707227780151,40.91904788223463,0.5855115733744627,0.5098928793845162,0.36065871596994886
3,0.32260802757263185,-0.03448924808324394,6043.027726341196,375.57055560709637,40.36059288893559,0.6324558326582983,0.4801506381386559,0.3288004155880907
