epoch,train_loss,val_r2,val_rmse,val_mae,val_mape,val_r2_log,val_rmse_log,val_mae_log
1,0.6347402442673274,-0.6411008707724368,7611.306908423325,548.3618557226563,64.55012511109187,0.4388103982974296,0.5933043745404132,0.42782151657072715
2,0.35144525040762764,0.0042264861311198665,5928.869367379665,389.8179299242147,42.19565784581813,0.5870708825082215,0.5089328648727549,0.35795647976742745
3,0.2845537408351898,0.007149460989223422,5920.161226397742,366.51926568166095,39.88599884874106,0.6347613115998268,0.4786423587647026,0.3264502078467406
