epoch,train_loss,val_r2,val_rmse,val_mae,val_mape,val_r2_log,val_rmse_log,val_mae_log
1,0.39031853642054964,-0.11128606686927212,6263.318990988575,395.09751662241615,43.834526060879554,0.6126848585914684,0.49289564443123035,0.337865352976409
2,0.28881339587892807,-0.022645235440127864,6008.33440184684,652.9886673512776,87.1552796822341,0.2819140582976629,0.6711366487963929,0.5480406132635551
3,0.26208079457487377,0.005238067752732722,5925.857106475728,402.7924399021403,34.26661029877101,0.570629383939302,0.5189659962644056,0.3718196947101969
