epoch,train_loss,val_r2,val_rmse,val_mae,val_mape,val_r2_log,val_rmse_log,val_mae_log
1,0.5075678991086142,-0.16799837557851593,6421.148526812578,505.74748123097737,62.97145773586716,0.5101867726919145,0.5542912172978526,0.4045900248596775
2,0.2997979472228459,-0.03727668763831615,6051.163742664872,461.07098767822265,56.926948246657005,0.5424896824584842,0.5357019028802753,0.3893401575586425
3,0.2943790720421927,0.005600220194060146,5924.778326263238,379.6643730170695,45.43258566828389,0.6219776124369473,0.4869467854055755,0.3378786806100534
