epoch,train_loss,val_r2,val_rmse,val_mae,val_mape,val_r2_log,val_rmse_log,val_mae_log
1,0.3660517298030853,-0.03565654084276493,6046.436168603637,376.15088192606606,42.13673574291589,0.6297902315806323,0.4818886304123484,0.32846882656613136
2,0.2307875814158576,0.007964139114385094,5917.731849849067,355.5050916452535,36.75747840601747,0.6555732173388159,0.46480543776754424,0.3130509700691707
3,0.20213231719085148,0.006265463755226186,5922.796185817148,356.38667224563596,36.92216807985247,0.6612987597036274,0.46092592540202143,0.3105129551465904
