epoch,train_loss,val_r2,val_rmse,val_mae,val_mape,val_r2_log,val_rmse_log,val_mae_log
1,0.39867557398796083,-0.021972324159649448,6006.3573030586895,456.28922635192873,40.93779749742497,0.4347143840095886,0.5954656449362976,0.45486736470290423
2,0.28048910313401904,0.007408497850815987,5919.388884558272,370.30071685679115,36.70495015559536,0.6363293271841861,0.4776138177677663,0.32584277336900197
3,0.20829472262382506,0.008618879539507351,5915.7786856877565,359.19461256917316,37.08207175477391,0.6562044164528151,0.46437933948864696,0.3139606675423146
