epoch,train_loss,val_r2,val_rmse,val_mae,val_mape,val_r2_log,val_rmse_log,val_mae_log
1,1.6698386394201006,-2.975341024921047,11846.192661560037,922.6460391127523,92.98219507070475,0.20562667645519683,0.7058868126064188,0.5157248794783011
2,0.4985628411075047,-1.0811898192283889,8571.314737585004,587.3402510674032,68.54925609238968,0.41650453576219193,0.6049806511497311,0.43368433275376617
3,0.45218522020067486,-0.2277445519266903,6583.329677637983,438.0496232403564,57.10332074843247,0.5048592123596911,0.5572974994077418,0.39422091337968834
