epoch,train_loss,val_r2,val_rmse,val_mae,val_mape,val_r2_log,val_rmse_log,val_mae_log
1,0.4030113608067376,-0.17036751073495737,6427.657466663982,388.5305902117411,42.57397897464811,0.6175936073636157,0.4897622581321098,0.3339025418758675
2,0.2365353159877232,-0.08257398454521891,6181.877422738594,376.1147611487325,41.78383781425321,0.6377694048292699,0.47666724263767823,0.3239005380328421
3,0.2208149977377483,-0.009210515779144446,5968.7375057395175,357.8614070267741,38.552882516655295,0.6565543154922502,0.4641429675625946,0.3138380230911717
