epoch,train_loss,val_r2,val_rmse,val_mae,val_mape,val_r2_log,val_rmse_log,val_mae_log
1,0.6044215019198826,-0.17137984484202629,6430.436734864981,402.4955273682658,52.07955259966087,0.5833276852963498,0.5112343957847396,0.34791857211458876
2,0.26320525650160653,-0.04261440546410933,6066.7130937621605,383.41719485478717,38.51429049597602,0.6102782854789982,0.4944245706093604,0.3423700274920502
3,0.24841712365831647,0.0036083221936609178,5930.709366415335,425.4175412887573,37.40510415198339,0.524619999585975,0.5460635600535768,0.4026314519001793
