epoch,train_loss,val_r2,val_rmse,val_mae,val_mape,val_r2_log,val_rmse_log,val_mae_log
1,0.3470509054129464,-0.045776093875288026,6075.904668774473,395.994911298879,36.93499519987796,0.5936513400327177,0.5048613900834672,0.3564132487949369
2,0.2623570872742789,0.002874335453720289,5932.893377362209,375.35100521697996,44.950197396901416,0.6246285201156072,0.4852364078856975,0.3363921074471415
3,0.24339275485992432,0.0034623422434408857,5931.143800468325,361.7153811284383,35.882267561777844,0.648238865011072,0.4697282389719367,0.317373005034193
