epoch,train_loss,val_r2,val_rmse,val_mae,val_mape,val_r2_log,val_rmse_log,val_mae_log
1,0.7257666860430582,-0.06761894405078839,6139.029664658267,387.06052008605957,45.61248014345662,0.5938412469199699,0.5047434029099769,0.34879393039635326
2,0.32100905371665955,-0.0016131075750596136,5946.228524176794,369.4886253416951,39.6691211742933,0.630440539660714,0.4814652031605616,0.329875250145036
3,0.28650139947891234,-0.008711259055942389,5967.260955051283,361.5998476279704,39.212896885251254,0.6457217782325917,0.4714058534599437,0.3193919773737429
