epoch,train_loss,val_r2,val_rmse,val_mae,val_mape,val_r2_log,val_rmse_log,val_mae_log
1,0.3694749355493273,0.00225156019296624,5934.745843208068,465.7614867581431,40.030625252674035,0.41406532203439195,0.6062438470133222,0.46967147417612876
2,0.2498627417251042,-0.01274067301736248,5979.167533880872,427.2130231462606,36.64961433608393,0.4881576031204299,0.5666186578328766,0.42263003777415903
3,0.2523751478072575,0.004107606164683197,5929.223264499127,421.4088693388621,35.3825446811057,0.5333662732979619,0.5410168672052088,0.3950071663173286
