epoch,train_loss,val_r2,val_rmse,val_mae,val_mape,val_r2_log,val_rmse_log,val_mae_log
1,0.3682131631285804,0.0035098707177106947,5931.002359964506,379.5368906241862,39.58870279984043,0.6096745109146837,0.4948074148768226,0.34212387885591344
2,0.24521771763801575,0.008029332141400003,5917.537400633048,362.13697720698036,38.48637941818637,0.6483837184665423,0.46963151315712376,0.3190187098129602
3,0.2192009509086609,0.007435986798670302,5919.306917858667,364.8331656544495,34.68764693566259,0.6430255100607639,0.47319629292729776,0.3216173122995886
