epoch,train_loss,val_r2,val_rmse,val_mae,val_mape,val_r2_log,val_rmse_log,val_mae_log
1,0.5451548303331648,-0.13839312413202798,6339.247794817484,401.0452865729777,38.63199342024403,0.5946507545384623,0.5042401545862485,0.3546487976847711
2,0.3386166612992968,-0.0680604369579354,6140.2988712066,388.6170516000875,37.99427337709406,0.6143293756119099,0.49184812855217414,0.3425920436114956
3,0.27870672144617353,-0.061986961920926564,6122.815722291386,380.41091058492026,38.78839871149209,0.6437532763247249,0.47271369261881346,0.32303834203652854
