epoch,train_loss,val_r2,val_rmse,val_mae,val_mape,val_r2_log,val_rmse_log,val_mae_log
1,1.743631652928761,-2.8186635073799176,11610.402926745131,890.9107298144531,90.08110583924415,0.23485772562438434,0.6927776073984689,0.5053350896306803
2,0.4795951085077013,-1.4121213978628067,9227.65134528784,611.6772711866251,65.93343849950647,0.4221104704338483,0.6020674603002639,0.43483423929944215
3,0.4302914639541081,-0.3148349655926832,6812.8247685034175,445.5063333577474,54.54777088241764,0.5319371980354184,0.5418446714681804,0.37912405995980386
