epoch,train_loss,val_r2,val_rmse,val_mae,val_mape,val_r2_log,val_rmse_log,val_mae_log
1,0.4230464285823277,-0.08833621376538359,6198.307763923925,452.8775904264323,53.19554816380422,0.5657678409739313,0.5218957193891282,0.37616387834963655
2,0.30058327265739443,-0.002623633744453624,5949.22733912786,390.4985090065002,43.54008979927795,0.6219628047749609,0.4869563225031529,0.3369313820718538
3,0.26551479769570485,0.007308923714606008,5919.685785777115,357.7183098398336,37.01618684719051,0.6564493173430195,0.464213910990611,0.31421038297729753
