epoch,train_loss,val_r2,val_rmse,val_mae,val_mape,val_r2_log,val_rmse_log,val_mae_log
1,0.5817667985016959,-0.03216221040665346,6036.2271383733,377.97960968434654,44.12590359572411,0.6043025154863568,0.49820076205557556,0.34116355512813823
2,0.20907070045403073,-0.08310921134559002,6183.405400347391,369.83893820358276,40.646027917604734,0.6402945724452838,0.4750028749951305,0.3206691854884628
3,0.2040135333960397,-0.03590857657322677,6047.17184939793,392.2649062332662,36.306305180757505,0.5975895405095333,0.5024089564856421,0.35373765546200825
