epoch,train_loss,val_r2,val_rmse,val_mae,val_mape,val_r2_log,val_rmse_log,val_mae_log
1,0.484459280834198,-0.16438859024424102,6411.218331243407,387.96814084009804,44.45350609775335,0.6242622876844788,0.4854730614333371,0.3301760005299697
2,0.24631114800793785,0.0024626659800940365,5934.11796677132,361.9752890852865,36.6394966492819,0.643139080020944,0.47312101421593317,0.32095577683300247
3,0.2288837533194678,0.007806100539832106,5918.203200078799,353.0140052986145,36.11785775043102,0.6588620705650867,0.4625809539069867,0.31139848424141214
