epoch,train_loss,val_r2,val_rmse,val_mae,val_mape,val_r2_log,val_rmse_log,val_mae_log
1,1.7204452322932653,-35.3635907144742,35828.19891788601,3820.7229834751383,934.6639097927351,-0.3484523180413934,0.9196880423463482,0.6024803409462243
2,0.4817386324214935,-32.91346196626173,34600.124315710826,3139.1988155883787,889.9080422384623,0.04070258777563096,0.7757099805432701,0.46609843523476263
3,0.42074374873433795,-31.669646352098404,33959.697487383106,2953.382364940796,874.9154120767375,0.157304310197516,0.7270397049254362,0.4135072970307062
