epoch,train_loss,val_r2,val_rmse,val_mae,val_mape,val_r2_log,val_rmse_log,val_mae_log
1,0.4034663308565957,-0.009163925938686424,5968.599731839399,388.27204260787965,45.4546208435352,0.6003715669426068,0.5006692662100614,0.3476806560546172
2,0.2656254756600516,0.002076572520090192,5935.2662458430195,365.5924957672119,37.39701831807468,0.6475789877994089,0.47016861981449226,0.320601015229802
3,0.2276567803287506,0.006081451176035535,5923.344530728983,380.9733775642904,40.54246866166168,0.6446916104726563,0.47209073128873325,0.3244174510640327
