epoch,train_loss,val_r2,val_rmse,val_mae,val_mape,val_r2_log,val_rmse_log,val_mae_log
1,1.010295731198447,-0.6069519030602379,7531.700388109873,517.1870639213054,62.54792583321521,0.46188660809239246,0.5809779408509882,0.4139311103873086
2,0.4002838303416116,-0.15458406634295963,6384.169016676365,412.6543229303996,51.997503830038994,0.5405963958103515,0.5368091895336361,0.37649054077247757
3,0.3665118563638415,-0.04419322277275617,6071.304728159344,389.8145364180501,50.073951603993706,0.5645602980677669,0.5226208775042179,0.36138665193907904
