epoch,train_loss,val_r2,val_rmse,val_mae,val_mape,val_r2_log,val_rmse_log,val_mae_log
1,1.6767558706297194,-34.53886960794084,35419.57952466212,3496.535420131938,915.0975554564884,-0.21225134903051424,0.872005212208639,0.5686456639273485
2,0.4308053017915998,-0.8812901131011368,8149.28455775916,531.4432087956746,63.787395798985905,0.4740744731897817,0.5743609010057941,0.40284344040730646
3,0.3596127246979305,-0.308243574251883,6795.726647307262,427.97388146016436,52.71834253798492,0.5519421745421837,0.5301390264318971,0.36750058549767844
