epoch,train_loss,val_r2,val_rmse,val_mae,val_mape,val_r2_log,val_rmse_log,val_mae_log
1,0.48257930811337063,-0.2495247218892327,6641.467057001061,396.46740044962564,50.71881177702776,0.5927538591451351,0.5054186129594932,0.34285157743047195
2,0.2531945874486651,-0.10991207747979614,6259.445822880884,377.70878982762656,38.951803419179384,0.6314083000627304,0.4808343866772817,0.3285324530538633
3,0.23289920328004018,-0.04851998269177815,6083.87037272602,364.45356702641806,39.76074165945768,0.6449464483201246,0.47192140209621825,0.3183980798332673
