epoch,train_loss,val_r2,val_rmse,val_mae,val_mape,val_r2_log,val_rmse_log,val_mae_log
1,0.460986364976338,-0.031325267585432526,6033.779363473521,399.41201615208945,47.67460558171208,0.5970331989637363,0.5027561323952744,0.35299021641678097
2,0.24717964594296046,0.007185844035548228,5920.052753135656,376.60947088190716,38.73778185557443,0.6135172723942537,0.4923656963598133,0.34329994637101374
3,0.25696248135362354,0.005831660227491708,5924.0888094726615,426.0209441389974,54.10966092034284,0.5634204429260301,0.5233044655540819,0.38012783160277713
