epoch,train_loss,val_r2,val_rmse,val_mae,val_mape,val_r2_log,val_rmse_log,val_mae_log
1,0.4592424589007241,-0.03586197508206146,6047.035828516689,377.90487261377973,39.5265901168676,0.6184277861702633,0.48922778440346243,0.33858683043795895
2,0.24105568375519343,-0.016938804881452718,5991.5474920178285,365.65472297617595,39.740634382420396,0.6483125108851087,0.469679064469523,0.3179641241015455
3,0.21976297627857752,0.006448248265463419,5922.251450202416,383.00441369837444,35.46554553003345,0.6186040672005475,0.4891147631486978,0.3395967265386664
