epoch,train_loss,val_r2,val_rmse,val_mae,val_mape,val_r2_log,val_rmse_log,val_mae_log
1,0.54475891989163,-0.12739609408893315,6308.5544982395995,385.0791901059977,42.43039265345681,0.6146327504840556,0.49165464257107594,0.33695514664888965
2,0.2642549617419924,0.004283206522030625,5928.700507406757,366.5597373140971,37.82834198966739,0.635680139850464,0.4780399211289787,0.32714077250828827
3,0.24663026605129243,0.007314767030136782,5919.668363114808,358.06725205200195,37.50251100556719,0.6483857361292787,0.46963016572326893,0.31816148641016406
