epoch,train_loss,val_r2,val_rmse,val_mae,val_mape,val_r2_log,val_rmse_log,val_mae_log
1,0.43953901593480793,-0.040738647993300514,6061.253354654591,376.13934055552164,40.855997987791575,0.628855491912691,0.4824966052509573,0.3293066599805494
2,0.256535603153365,0.002634591881375492,5933.606571103245,357.95698714330035,37.21519210082399,0.654371386290612,0.4656156696914622,0.3139491195196164
3,0.2286858864082609,0.005959223746050846,5923.708732062558,380.1410011979421,33.38350769668016,0.6204734433712755,0.4879146158141292,0.3384822340777692
