epoch,train_loss,val_r2,val_rmse,val_mae,val_mape,val_r2_log,val_rmse_log,val_mae_log
1,0.35631718985489436,-0.05048594893420222,6089.571304838776,374.08545904418946,39.541856507766774,0.6306103482654792,0.4813545764050141,0.3279824096076992
2,0.22588018754822867,-0.008369341820357867,5966.2495247342185,356.96949255566915,38.34364971674104,0.6562197897755476,0.4643689566716359,0.3136651167654923
3,0.21089143227849688,-0.00770283614490741,5964.277431613818,374.18079087694804,40.17018863534363,0.6446548363360123,0.4721151611648497,0.32283985692689976
