epoch,train_loss,val_r2,val_rmse,val_mae,val_mape,val_r2_log,val_rmse_log,val_mae_log
1,0.8368599585478647,-0.7830537320309656,7933.664146095241,581.3897495756022,63.82429237453221,0.3960335713902321,0.6155015378106956,0.45691624487492627
2,0.43368020649092537,-0.6009993926836612,7517.737892053224,544.7536072329711,63.97216129706776,0.44377081472820945,0.5906764132263457,0.4257871287875332
3,0.3907625216443198,-0.5979521171729785,7510.58000995383,548.2167792144776,68.09514614744833,0.4501938898543171,0.5872560826380393,0.4138798993940488
