epoch,train_loss,val_r2,val_rmse,val_mae,val_mape,val_r2_log,val_rmse_log,val_mae_log
1,0.5950388829748972,-0.2837679724421298,6731.856730242138,405.2364274480184,51.08072212011724,0.586835975235007,0.5090776052514376,0.3460116854197626
2,0.2667877181094033,-0.16635604273276816,6416.632521889236,389.3956616952515,41.23575376863308,0.6148657907765298,0.49150596274856956,0.3377760862910181
3,0.24931280983379908,-0.12177468158913163,6292.807014208848,377.6880227353923,40.95175385848715,0.634283158126437,0.4789555644270884,0.3249641330059162
