epoch,train_loss,val_r2,val_rmse,val_mae,val_mape,val_r2_log,val_rmse_log,val_mae_log
1,0.539707576838902,-0.12450067773287521,6300.448369956129,441.55109249786375,52.04103539217335,0.5561332745872956,0.527653760237679,0.3761731249536202
2,0.3195175352219173,-0.00021305903879920152,5942.071270405474,419.58011575912474,37.376215624927625,0.5408849098785815,0.536640599947294,0.3937846310097869
3,0.2601907991804395,0.0045842943600969965,5927.804070491492,360.8818931835429,36.960205859847015,0.6527517312083599,0.4667053586338835,0.31580134145690497
