epoch,train_loss,val_r2,val_rmse,val_mae,val_mape,val_r2_log,val_rmse_log,val_mae_log
1,0.4465610710103171,-0.21480225835114042,6548.538596739818,387.95119539718627,45.53338602226458,0.6193480887383065,0.48863745133343545,0.3316685332292528
2,0.28046510862554824,-0.05048526395987474,6089.569319471579,387.6728049100749,36.4132848998925,0.6144371270373186,0.49177941572340816,0.34215431634679455
3,0.2559634007889884,-0.039759091749921316,6058.400219379029,364.70354180994667,38.228631343091486,0.6502470243028197,0.46838551066914613,0.3158467602533853
