epoch,train_loss,val_r2,val_rmse,val_mae,val_mape,val_r2_log,val_rmse_log,val_mae_log
1,0.4097094202041626,-0.15467026020723162,6384.407312849035,395.47154520446776,45.829034502727495,0.6220648510104265,0.4868905942969609,0.33324040626454393
2,0.2285221398299081,-0.0647673474916528,6130.825547822941,446.04006276301067,56.19454538347958,0.5542719577824949,0.5287589380848206,0.38465731830824135
3,0.23340473922184535,-0.025365614281782634,6016.320597689599,399.0888418081665,48.30251431220003,0.6063335779919747,0.4969205180204172,0.34972028540409894
