epoch,train_loss,val_r2,val_rmse,val_mae,val_mape,val_r2_log,val_rmse_log,val_mae_log
1,1.9226782404163905,-2.6015013354688006,11275.437093224062,877.311544367574,90.83765496650147,0.20298846745122956,0.707058008340642,0.5200204150506594
2,0.5014627116952624,-0.7298117563016315,7814.316880619397,521.2000463268025,62.979317265771975,0.45831201152258916,0.5829044161059902,0.4153831252796067
3,0.46101316614968435,-0.2903925234753808,6749.203379506117,446.83358065134684,55.947175816690965,0.5089760136404848,0.5549758648892804,0.3930801050065828
