epoch,train_loss,val_r2,val_rmse,val_mae,val_mape,val_r2_log,val_rmse_log,val_mae_log
1,1.6698294171442305,-2.9749338376621646,11845.585953580414,922.5734583469646,92.97349480111382,0.20565006345680192,0.7058764215868324,0.515720974581063
2,0.4985475608689444,-1.083601470376406,8576.2794543991,587.5236763490803,68.58404942269529,0.41655489275720803,0.604954544978535,0.43358967779506524
3,0.45219948634011403,-0.2278484389623412,6583.608199801544,438.16860282399495,57.099808619092094,0.5045737300214874,0.5574581362114508,0.39439766012938066
