epoch,train_loss,val_r2,val_rmse,val_mae,val_mape,val_r2_log,val_rmse_log,val_mae_log
1,0.44836387961796353,-0.047611227211105556,6081.2333466788905,441.4363053355408,39.89937223053616,0.4876149006470367,0.5669189689059324,0.4227735686160477
2,0.26881280673571994,-0.03563850601799401,6046.383522341473,526.5013116403707,69.68078725171559,0.4328378930867921,0.5964531635275964,0.4491068069190656
3,0.2600085314525877,0.00047412139472347015,5940.029717031918,356.0094690261841,37.002885510005726,0.6540330294998791,0.46584352363487047,0.31310222903425666
