epoch,train_loss,val_r2,val_rmse,val_mae,val_mape,val_r2_log,val_rmse_log,val_mae_log
1,0.604654287797383,-0.27374927057444776,6705.537111161221,409.4801434052531,46.64568374150369,0.5880673334232144,0.5083184338391183,0.3507690887090049
2,0.2679801032938276,-0.1929590920306563,6489.397422976675,388.2028227456665,42.37439911962706,0.6197342039076457,0.4883895631769405,0.33356710811569795
3,0.24956433385031565,-0.12676531479373065,6306.789429891756,377.8239838345337,39.49004852000594,0.6349480689382823,0.4785199711238385,0.3262809108421928
