epoch,train_loss,val_r2,val_rmse,val_mae,val_mape,val_r2_log,val_rmse_log,val_mae_log
1,0.5345407673372541,-0.2665466028313197,6686.55133899805,399.7744172488912,43.9628548879082,0.6024178599176815,0.49938578536673156,0.34243306676069296
2,0.260854571720532,-0.20239092637476142,6515.000320203259,387.3648222122192,38.49397940351549,0.6292222293076206,0.48225816270644895,0.32945371888245917
3,0.24308757741791862,-0.07251572314548826,6153.09230417094,380.0538553988139,35.385488414580294,0.6278901496927094,0.48312368157679975,0.33252144114902
