epoch,train_loss,val_r2,val_rmse,val_mae,val_mape,val_r2_log,val_rmse_log,val_mae_log
1,0.5204881699630193,-0.17128901932615936,6430.187430995677,492.4000250978597,66.67753350858764,0.4851782547331508,0.5682653609029747,0.40840359556794276
2,0.2892962581225804,-0.038622668550412964,6055.088496072204,409.8339282379659,37.80788687898287,0.5604109841090377,0.5251050063017516,0.3770252485920193
3,0.27642924231937954,0.00779947951980875,5918.22294645929,363.9058486140951,41.13439832356759,0.6401777141637828,0.4750800263360719,0.3226729614283015
