epoch,train_loss,val_r2,val_rmse,val_mae,val_mape,val_r2_log,val_rmse_log,val_mae_log
1,0.43001233429363794,-0.22586482290266563,6578.2880685773425,415.4547973029582,53.365212525016304,0.5826047787168739,0.5116776872341782,0.35396775671869074
2,0.2542312057522365,-0.021048904542533275,6003.64311918187,399.9166565751648,35.8001637658878,0.5761784854340253,0.5156015833675079,0.36849223650186613
3,0.2447887764120102,0.0037747911016964286,5930.213918704291,411.9996182690684,35.29488484764076,0.5591926837875849,0.5258321547730846,0.3805975903908302
