epoch,train_loss,val_r2,val_rmse,val_mae,val_mape,val_r2_log,val_rmse_log,val_mae_log
1,0.35255065890107834,-0.07621015181501534,6163.6807821535685,370.15248921635947,37.75211082516591,0.6423278394304286,0.47365847442587494,0.3208122827483912
2,0.23517105479989733,-0.03346889763067917,6040.046773532685,363.7016993731944,34.895064677684566,0.6464175996966788,0.4709426927168296,0.318525721245652
3,0.21669276010104588,0.00884674444903133,5915.098787808907,351.7387529127248,36.92538402100513,0.6616750378333762,0.4606698227947416,0.3099393817726886
