epoch,train_loss,val_r2,val_rmse,val_mae,val_mape,val_r2_log,val_rmse_log,val_mae_log
1,0.37062717170647214,-0.21721853011053516,6555.0479642003,404.99255425933836,46.5862865081311,0.617485373847947,0.48983156259693117,0.33535602564379813
2,0.21507168699196408,-0.03629213912888973,6048.291279276064,361.43382229660034,38.82202122694236,0.6519777022745128,0.46722522064830413,0.31559060179998394
3,0.20448018864631654,-0.005936078271616907,5959.046694692881,373.99482109054566,43.34312576186732,0.6334935099311637,0.47947236105776736,0.33045598556813166
