epoch,train_loss,val_r2,val_rmse,val_mae,val_mape,val_r2_log,val_rmse_log,val_mae_log
1,0.46300062578065054,-0.05238321225093068,6095.0679553739465,386.91307726257327,41.9450857941228,0.6169961554007057,0.49014469842056957,0.33854370780716153
2,0.26845597250938413,0.005237635175138977,5925.858394921056,374.6311602487183,42.27961376436926,0.6165191031587485,0.4904498544464543,0.3374634054307249
3,0.22875745110988616,0.006871122025061349,5920.991006916891,356.8331825545756,38.481742756047524,0.6549201368523958,0.4652458965490023,0.31117317340822204
