epoch,train_loss,val_r2,val_rmse,val_mae,val_mape,val_r2_log,val_rmse_log,val_mae_log
1,0.41514670893260414,-0.0360642910675848,6047.6263281738475,391.7586067126465,46.550994042099944,0.6112691309553125,0.49379564731345366,0.3413524739028504
2,0.30565608419554574,-0.09095831813159116,6205.769994876498,410.4962353260295,42.63622060849167,0.6244273474385882,0.4853664167396314,0.33524703675078815
3,0.27722179161071775,-0.0672491099238619,6137.96626120925,438.8640572936503,48.12081669581173,0.5945283709443481,0.504316269277299,0.35816990058690756
