epoch,train_loss,val_r2,val_rmse,val_mae,val_mape,val_r2_log,val_rmse_log,val_mae_log
1,0.6422374896430969,-0.2335740615030708,6598.940472076662,575.9688946416219,79.5817383841039,0.3992722684874054,0.6138490431428335,0.4592443552210806
2,0.2768368532289778,-0.040914026509950796,6061.764034663047,378.9157731439209,45.25043540632242,0.6170066332363777,0.49013799393078117,0.3356864275501754
3,0.25613598266874044,-0.03194894151052985,6035.603493179226,436.48602212849937,38.315948923173636,0.490975602291047,0.565056717352195,0.4197870690231103
