epoch,train_loss,val_r2,val_rmse,val_mae,val_mape,val_r2_log,val_rmse_log,val_mae_log
1,0.353428722180639,-0.15642777863030655,6389.264304215435,519.3471208822632,60.457771332594234,0.5209208021447136,0.5481840557167293,0.39897500278941833
2,0.2521099482025419,0.0034327441659858238,5931.231880004886,381.778093540802,42.59050004750961,0.6254244067952022,0.48472172025038773,0.3337744548773009
3,0.21216217911652158,0.007273169454194317,5919.792390987142,368.05653201998393,33.230290387892616,0.6213287075603725,0.48736454724765577,0.33337087378736446
