epoch,train_loss,val_r2,val_rmse,val_mae,val_mape,val_r2_log,val_rmse_log,val_mae_log
1,0.5363823260566166,-0.055577427769470944,6104.310885920316,382.55953900904336,40.67152665152798,0.6238080111205497,0.4857664474948445,0.33450728904432253
2,0.2909640227127075,-0.01793205191763869,5994.472758689916,373.0350601038615,39.48566433509493,0.6316788881411116,0.48065786080866424,0.32980036522288425
3,0.2631056638308934,0.0016874028132579655,5936.423449195988,371.14949844436643,40.29956682704486,0.631272070828105,0.4809232351906454,0.329029911561349
