epoch,train_loss,val_r2,val_rmse,val_mae,val_mape,val_r2_log,val_rmse_log,val_mae_log
1,0.6843781222302573,-0.037258579637550415,6051.110924088492,381.0094732051595,43.90619901637919,0.6068403226016053,0.49660058613415226,0.341757012825267
2,0.3419751198550633,-0.2153968137124771,6550.140912026337,622.2861192392985,84.96864113812312,0.3426233077632618,0.642140251336055,0.4941519491155791
3,0.3193319340624128,-0.012780522380526405,5979.2851669932,373.0221243382263,42.58542179629512,0.6327098452442925,0.4799846915722287,0.3276716815948352
