epoch,train_loss,val_r2,val_rmse,val_mae,val_mape,val_r2_log,val_rmse_log,val_mae_log
1,0.4091720696353912,-0.01487163213374565,5985.45476343016,447.46617243937175,40.61584067885083,0.4421503469398218,0.5915361990891764,0.44868967179688996
2,0.27503873653956823,-0.07800756075509163,6168.8257034721955,415.6381082490031,40.72060398338577,0.6154682316648488,0.4911213965814448,0.34399005269477667
3,0.20841273599011556,0.009260704506310113,5913.863423680453,354.05034675882973,36.32687192418419,0.6588933715979339,0.46255973141524087,0.3117150543609616
