epoch,train_loss,val_r2,val_rmse,val_mae,val_mape,val_r2_log,val_rmse_log,val_mae_log
1,0.4786829193510328,-0.03812373992418161,6053.633964039559,374.03772238423664,45.06925390635294,0.6236556021322877,0.48586483831378713,0.3310182016962341
2,0.30668343376704627,-0.008004865596931587,5965.171173509597,361.7140625219218,40.81319121370727,0.6435722543978144,0.47283377888218897,0.321458560272111
3,0.2907721311610086,-0.014839695582985923,5985.360585862434,403.5162556939443,36.76632413238769,0.5473378240086674,0.5328559826467608,0.385498902846953
