epoch,train_loss,val_r2,val_rmse,val_mae,val_mape,val_r2_log,val_rmse_log,val_mae_log
1,0.3584741241502762,-0.0983641413364833,6226.797884736632,376.46287480789186,37.338467405423955,0.6338278693005561,0.47925360278074625,0.3281161650664532
2,0.22914270514896937,-0.03972598377138681,6058.303762910045,367.0793224205017,37.14748582758675,0.6482269466543313,0.46973619656125815,0.31851762260494504
3,0.21692581190177374,0.0032115091379365523,5931.890201571145,359.6363215321096,32.636268851516846,0.6501346050381951,0.46846077997035146,0.31653672395586113
