epoch,train_loss,val_r2,val_rmse,val_mae,val_mape,val_r2_log,val_rmse_log,val_mae_log
1,0.46284421076910837,-0.11132778141589417,6263.436543555841,397.18866320195514,38.52142036672461,0.5938894482733974,0.5047134515217087,0.3537735457435335
2,0.2913686281394958,0.0035154486048472045,5930.985760448317,374.7291876076253,34.540344513841234,0.6216665413754681,0.4871470961667483,0.33582326992388806
3,0.2459235740007673,0.008137033180368958,5917.216150092676,357.76502105692543,34.87938922078836,0.6559059915287352,0.46458084339880346,0.313437809291332
