epoch,train_loss,val_r2,val_rmse,val_mae,val_mape,val_r2_log,val_rmse_log,val_mae_log
1,0.37857290667942595,-0.05096512071809456,6090.960004075269,422.96789979827884,37.04942669982443,0.5259797308507052,0.5452820469494606,0.400654102398652
2,0.24342345123495374,-0.005067204795001112,5956.472586725462,368.9164667310842,33.75376929851033,0.6379150653126262,0.4765713940770318,0.32595955701029944
3,0.20701956160272872,-0.002998274121072564,5950.338729548701,360.5226690199788,35.612389013024746,0.6637713872178389,0.4592403901028568,0.3088929980803715
