epoch,train_loss,val_r2,val_rmse,val_mae,val_mape,val_r2_log,val_rmse_log,val_mae_log
1,0.37493260182108196,-0.01751428662793586,5993.242549050802,366.6924547996521,41.80779688923484,0.6365646167360288,0.4774592882276184,0.32331318843209145
2,0.23039033738885606,0.0019479176789737318,5935.6488283664185,358.84311070795695,34.45818889070948,0.6568392303781782,0.46395040628711165,0.3131540129351083
3,0.20746033684253692,0.005268238360203292,5925.767241725913,353.0877033153534,33.31157171422958,0.6651292254049155,0.45831214521868874,0.3068332002377841
