epoch,train_loss,val_r2,val_rmse,val_mae,val_mape,val_r2_log,val_rmse_log,val_mae_log
1,0.42264324017116,-0.032970818319482564,6038.591100842694,375.5307110598246,39.90252873626563,0.6234461862127103,0.48599999866436744,0.33258760154738826
2,0.2672183566570282,0.007442734311455146,5919.286797913528,361.24589136154174,37.65393283882691,0.645981531126784,0.4712330069793338,0.32072026073732485
3,0.23619149279253823,0.00807400958194604,5917.404138929404,357.71808910146075,35.63943554286018,0.651274842482573,0.4676967826518319,0.31621469799802004
