epoch,train_loss,val_r2,val_rmse,val_mae,val_mape,val_r2_log,val_rmse_log,val_mae_log
1,0.4440169427871704,-0.023631254653517786,6011.230276977895,530.453725053711,74.99722616114343,0.38123994830517993,0.6229940176437522,0.465193441195102
2,0.26781278482369014,0.003938265120612794,5929.727344149439,406.15865950035095,40.482138569029054,0.558407011587339,0.5263005541944733,0.3740933391652484
3,0.23546510100092208,0.00018346681633962802,5940.8933121499285,387.0330064054871,47.07209349324912,0.6129325003603187,0.4927380452911778,0.3432643614343235
