epoch,train_loss,val_r2,val_rmse,val_mae,val_mape,val_r2_log,val_rmse_log,val_mae_log
1,0.540880192715781,-0.023706987777172284,6011.45264261188,480.786474042511,42.31963624948721,0.38687172212265575,0.620152381856935,0.4833356020641517
2,0.34136806330680847,-0.0005433356392139377,5943.05224395803,482.395019833374,41.46195672632157,0.3730369726439101,0.6271099740529548,0.49374452099554755
3,0.3265037108353206,0.0027054542659975533,5933.395777257567,386.5631061468506,36.77633143648067,0.6058758082087625,0.4972093527982714,0.3480035594988028
