epoch,train_loss,val_r2,val_rmse,val_mae,val_mape,val_r2_log,val_rmse_log,val_mae_log
1,0.7704894174807412,-0.3433405380253596,6886.2796703169015,443.01869867095945,56.96024992811836,0.535968771020896,0.5395060850472025,0.3722276712167186
2,0.31409608420099533,-0.12540066379342174,6302.969125045504,381.3771796754456,41.2063412803411,0.6297370992156759,0.48192320940804834,0.3286293344220426
3,0.28768228274890356,-0.032858317467682197,6038.262260410618,367.7068316769918,38.2589533564159,0.63813586210219,0.4764260670141673,0.32446387624946993
