epoch,train_loss,val_r2,val_rmse,val_mae,val_mape,val_r2_log,val_rmse_log,val_mae_log
1,0.47485428629466464,-0.04898248511230041,6085.212023145609,535.4015539198812,48.053832104014546,0.1948665102062893,0.7106515189108428,0.5784567739001684
2,0.3236749185875484,-0.2561819520233586,6659.1357911868245,500.3874129971822,53.718227111067954,0.5206315463106543,0.5483495205393959,0.39325090085780556
3,0.27390651629652296,-0.011727859483196212,5976.17698715224,410.10011646224973,37.568229010503956,0.5707099422948312,0.5189173098769232,0.3726590201650759
