epoch,train_loss,val_r2,val_rmse,val_mae,val_mape,val_r2_log,val_rmse_log,val_mae_log
1,0.36227115353788647,-0.03409894470501751,6041.887629112749,407.7970215858459,37.449773894707896,0.5656770996013031,0.5219502467417754,0.37660134180716726
2,0.24371262041364397,0.005528833945909639,5924.990987264389,400.7738591455078,34.9189110271346,0.5842164436034515,0.5106888755433924,0.3649206876735245
3,0.22544452095985412,-0.019545976034074153,5999.222973798664,583.5721067106629,73.55499413542051,0.39756378220522737,0.6147213252122598,0.4841762781122846
