epoch,train_loss,val_r2,val_rmse,val_mae,val_mape,val_r2_log,val_rmse_log,val_mae_log
1,0.4492339032922472,-0.1138549411938603,6270.554028048717,590.0060144292196,67.55525504308777,0.4550486276702175,0.5846576250548036,0.43546624976169307
2,0.2221315020922252,0.008384579744317056,5916.477702352968,363.8937704566447,36.46795876111034,0.6453923696694432,0.4716249595691817,0.32126442549020295
3,0.18417924246651785,0.008089646846349163,5917.357496146234,357.2056857609558,36.31071091860883,0.6558402977575686,0.4646251897261066,0.3129376431094299
