epoch,train_loss,val_r2,val_rmse,val_mae,val_mape,val_r2_log,val_rmse_log,val_mae_log
1,0.38689371478625706,0.00656280048695157,5921.910035367141,414.1326707081095,52.41838838541035,0.5454640853881212,0.5339576891705865,0.3784734144598215
2,0.276529174917766,0.0003157006756617786,5940.500433456086,513.1764488439433,43.85650627688978,0.2131437230998806,0.7025390184333369,0.5689354877472796
3,0.23953247698375157,0.00292416643935145,5932.745128435875,478.333435358785,56.41555433279047,0.526101089097013,0.5452122411697369,0.40570637679474325
