epoch,train_loss,val_r2,val_rmse,val_mae,val_mape,val_r2_log,val_rmse_log,val_mae_log
1,0.5079349761867523,-0.04155558354391187,6063.6318009764045,391.0068347242228,39.69817957844868,0.6003240347626504,0.5006990403603688,0.3498020413381234
2,0.2759333349786486,0.003779382156726463,5930.200254138505,380.88325171178184,37.35294039060527,0.6145484831246573,0.4917083941209166,0.34148221168013276
3,0.2518478752722059,-0.014300880183093723,5983.771451808356,366.87695039515177,39.611064440780005,0.6468544474875739,0.4706516801289244,0.3192859430760682
