epoch,train_loss,val_r2,val_rmse,val_mae,val_mape,val_r2_log,val_rmse_log,val_mae_log
1,0.46338213536943706,-0.007319742118826467,5963.143617074745,385.2446692538452,39.57930233368746,0.6097138058094453,0.4947825075940351,0.3429575684652906
2,0.26731264642647334,0.004558548584343791,5927.880729382158,367.7434592601013,38.18825044407931,0.637990053248341,0.47652204245794655,0.32593562121334646
3,0.2128989761209488,0.008216269598614323,5916.979792655386,353.729728519694,35.43558184629802,0.6591562980196195,0.46238142555711936,0.3107119647383488
