epoch,train_loss,val_r2,val_rmse,val_mae,val_mape,val_r2_log,val_rmse_log,val_mae_log
1,0.37023635385308945,-0.05770374287277624,6110.455938958538,393.26473773030597,41.97152695219424,0.623613940031529,0.4858917306892053,0.33692889128837494
2,0.260508408880915,0.0071142685168780195,5920.26614816383,362.63698354400634,39.02302543725314,0.6479581441001068,0.4699156335253674,0.318512613602376
3,0.2070628430073602,0.008182429046577733,5917.080738127884,355.7961146813711,33.51007672492858,0.6477256275604044,0.4700707928049483,0.3158441006858762
