epoch,train_loss,val_r2,val_rmse,val_mae,val_mape,val_r2_log,val_rmse_log,val_mae_log
1,0.47879524200166973,-0.19917454935236556,6506.280722850451,431.845864815623,48.32955812055253,0.6050698942522927,0.4977174455899221,0.34317738639156287
2,0.3109095097378322,-0.009538301269523153,5969.706732022544,381.8227296546936,44.85767296092014,0.6150143282287929,0.49141117230620623,0.3362452443084947
3,0.2796237312766484,0.0038171759588511156,5930.087765530733,403.5105826604716,50.29657570654471,0.5874862535326144,0.5086768292182715,0.3620702309685432
