epoch,train_loss,val_r2,val_rmse,val_mae,val_mape,val_r2_log,val_rmse_log,val_mae_log
1,0.4845927719770159,-0.19181915140809846,6486.296186805706,388.6393381349182,43.79173727736158,0.6139773979404703,0.49207251701630156,0.33624458038214006
2,0.2237804816545759,-0.13814732151134557,6338.563370513931,375.10705039738974,40.90158678313926,0.6418351863378442,0.473984567759613,0.32018365700418977
3,0.21174538937909262,-0.05004853847741497,6088.3033585591775,365.7005049485779,40.16117023133218,0.6490927702182837,0.4691577565247958,0.3168984348434021
