epoch,train_loss,val_r2,val_rmse,val_mae,val_mape,val_r2_log,val_rmse_log,val_mae_log
1,0.3850724241202218,-0.037725917787720276,6052.473938375779,474.5498289326223,53.33246811706465,0.4576521805694217,0.5832593264324968,0.43222677473076543
2,0.27326247745513915,-0.2487795657957661,6639.486436847649,1254.003988272756,156.41960619708087,-0.408914140569393,0.9400804188680182,0.8293221857459979
3,0.2419878945984159,0.0023085335809150953,5934.576397989807,366.25800289431254,38.789483367371744,0.6508868848793008,0.46795686725150915,0.31733718216588636
