epoch,train_loss,val_r2,val_rmse,val_mae,val_mape,val_r2_log,val_rmse_log,val_mae_log
1,0.5296192454051971,-0.12716133839836075,6307.897654483252,389.52353267903646,42.39702777748207,0.6039923150863371,0.4983960018611422,0.3439935435339715
2,0.24886860000405991,-0.042068939136768346,6065.125919911254,368.6570012982178,39.9818553115307,0.6413711503237889,0.47429151404125125,0.32236884084219186
3,0.23219133930751257,0.0017186949083456415,5936.330409909854,357.7066007190959,38.56786254968298,0.6523115807468811,0.4670010484098241,0.31489303215632014
