epoch,train_loss,val_r2,val_rmse,val_mae,val_mape,val_r2_log,val_rmse_log,val_mae_log
1,0.5853712668514252,-0.013778835994292304,5982.231378631138,388.20974773529053,47.50921499673699,0.6107874098778674,0.4941015120418094,0.34255104390823843
2,0.3207471680028098,0.007530223060103758,5919.025915027898,387.27621010009767,45.6500333221361,0.6076365542552788,0.49609747057012243,0.34798367407900815
3,0.3032351330225808,0.0050302160759957415,5926.476166656245,380.7208598931885,43.328492887673534,0.6264569108908278,0.48405320028613674,0.3354652678384851
