epoch,train_loss,val_r2,val_rmse,val_mae,val_mape,val_r2_log,val_rmse_log,val_mae_log
1,0.4243162607574463,-0.0209421298954775,6003.329200018944,372.09514259709675,42.74891314292352,0.6348176956723107,0.4786054119023424,0.3259719841267423
2,0.2876273691354479,0.004785696342999746,5927.204355275898,438.9489429114787,48.84972226048204,0.4824053413352273,0.5697936903978298,0.41414655682385093
3,0.24842561468669347,0.002912955297282638,5932.778482298885,441.6990323594157,36.095674047304065,0.5130659007795826,0.5526597510726285,0.4093683113287498
