epoch,train_loss,val_r2,val_rmse,val_mae,val_mape,val_r2_log,val_rmse_log,val_mae_log
1,0.410708823456083,-0.0920329956426118,6208.825821910001,376.9423651426188,45.00258602557367,0.6190027871649106,0.48885903045682444,0.3309182749107236
2,0.20127148176874432,-0.05826763932170276,6112.084563846087,368.42744308939615,42.1371397974105,0.6388885401891959,0.4759303255367255,0.3216884334384112
3,0.18806474531582423,-0.036118041788070876,6047.783200705418,363.13817438064575,36.35530617880568,0.6485193760378033,0.4695409098205948,0.31724593703820414
