epoch,train_loss,val_r2,val_rmse,val_mae,val_mape,val_r2_log,val_rmse_log,val_mae_log
1,0.6923274678094047,-0.2423143035824984,6622.276944441732,411.0676180455526,49.716511374786826,0.5654465856629776,0.5220887391477462,0.36197329590009586
2,0.3121977710356031,-0.03407034646116425,6041.804083640011,366.5840092851766,42.35407489126259,0.6322041546673056,0.48031500296709145,0.32537170588976166
3,0.28326091720853536,0.001381555386214095,5937.332733924211,363.36400946960447,38.01781097826722,0.6373206727250428,0.47696239950042313,0.3246382783600979
