epoch,train_loss,val_r2,val_rmse,val_mae,val_mape,val_r2_log,val_rmse_log,val_mae_log
1,0.46286254794938225,-0.03775855474130263,6052.569114160872,393.40805293609617,42.28002346780155,0.6103035078088493,0.4944085710628662,0.34235880764210325
2,0.31810323209626334,0.005934744478913512,5923.78167029569,387.5890254785665,39.317159473235,0.6013399337540347,0.5000622954289565,0.3512789635372409
3,0.23913671434470585,0.008143069233198075,5917.198145244821,356.31518200673423,34.84280029317617,0.6544099049080373,0.4655897236747655,0.31377131044589407
