epoch,train_loss,val_r2,val_rmse,val_mae,val_mape,val_r2_log,val_rmse_log,val_mae_log
1,0.4081120764017105,-0.11759347479904858,6281.068430925924,377.917313323466,41.603781487506744,0.6279032908541518,0.4831151506788076,0.32763070576658987
2,0.24088045601844787,-0.037488269824588194,6051.780864975007,364.42013145711263,38.11572438938621,0.6453376701645083,0.47166133309139113,0.3202288627274151
3,0.22535812044348036,-0.018432969869319527,5995.947498429988,356.5828268197123,37.93214715727584,0.655724729745826,0.4647031931966722,0.3126190861849579
