epoch,train_loss,val_r2,val_rmse,val_mae,val_mape,val_r2_log,val_rmse_log,val_mae_log
1,0.6435827840900421,-0.708782785799279,7766.673106622471,566.3809167051188,68.26029580276116,0.4346730944386509,0.5954873915289461,0.4237869452755543
2,0.3599241196305411,-0.5600156180277542,7420.891287139282,534.3456288153076,69.37133591409435,0.4491599775492917,0.5878079918474741,0.4114007547328708
3,0.30906347474234447,-0.14200098640116754,6349.285206311673,406.24975626352943,45.23540864936423,0.5971129088278538,0.5027064054638548,0.349941031043194
