epoch,train_loss,val_r2,val_rmse,val_mae,val_mape,val_r2_log,val_rmse_log,val_mae_log
1,0.3988071332359314,-0.06441021769696342,6129.797302498623,382.3279072076925,38.94885665272711,0.6163522577065743,0.49055653567847457,0.3387236790974443
2,0.1957954238830294,-0.036528418583723576,6048.980759327993,370.9680152966817,35.400642353290095,0.6332917448477136,0.4796043197993725,0.32689118185792926
3,0.1866828155047553,-0.029905537156238005,6029.624859269866,356.1414171639506,35.13698737821468,0.6566193856099091,0.46409899660948967,0.31122787854432427
