epoch,train_loss,val_r2,val_rmse,val_mae,val_mape,val_r2_log,val_rmse_log,val_mae_log
1,0.35437967424733297,-0.08687072356451453,6194.133217913405,376.4094580092875,39.098695895754254,0.6379070705523087,0.47657665534679705,0.32428293052009455
2,0.22782501504216876,-0.005880315552911464,5958.881526519205,360.30245096206664,36.055324033241114,0.6524249068635513,0.4669249346747171,0.31536071000766974
3,0.21087363744327,0.008123358512677425,5917.256939843038,352.0767810121409,35.31069761451107,0.6631281641093651,0.45967945578452146,0.3085615465170782
