epoch,train_loss,val_r2,val_rmse,val_mae,val_mape,val_r2_log,val_rmse_log,val_mae_log
1,0.3643987523787362,-0.0028495826222032505,5949.897653227499,369.05498676564537,38.35590655464187,0.6404034296851666,0.4749309947695562,0.3242282264431107
2,0.22149906398568833,0.007642520494446248,5918.691038217065,360.1658012785848,33.91807856626538,0.6478672653790136,0.4699762833818659,0.31873829914999424
3,0.19316388494968414,0.009185366376653015,5914.088271398602,353.3602640204875,36.71330949280367,0.6605522989253931,0.4614335612226689,0.3100000741742145
