epoch,train_loss,val_r2,val_rmse,val_mae,val_mape,val_r2_log,val_rmse_log,val_mae_log
1,0.4924452898379735,-0.032094028019866716,6036.027765074065,371.35339168167116,43.073339144601825,0.6267502242338692,0.4838631189425144,0.3307519678168478
2,0.28843993428979603,-0.032578746550264714,6037.444995960781,366.44642379099525,40.20475098746433,0.6428810143545203,0.4732920531520401,0.32066735433628546
3,0.278078674092974,0.004013110840676126,5929.504555222375,432.11424006917315,38.73381509210343,0.4457667551484281,0.5896156863849635,0.4372787600728935
