epoch,train_loss,val_r2,val_rmse,val_mae,val_mape,val_r2_log,val_rmse_log,val_mae_log
1,0.7820115356758662,-0.2579588935644388,6663.843991848199,412.74235733022056,49.70621090438434,0.5805804191887725,0.5129170003101147,0.35246476479901867
2,0.3112915362739563,-0.037381950968568445,6051.470772359057,374.76098449752806,38.657001151033676,0.6276106255466536,0.48330510566833285,0.332307392655544
3,0.2899536134638105,-0.015468584702680088,5987.214841857675,363.0299151491801,37.311378598676434,0.644223153283991,0.47240184334793867,0.32008516158931954
