epoch,train_loss,val_r2,val_rmse,val_mae,val_mape,val_r2_log,val_rmse_log,val_mae_log
1,0.42235765640667505,-0.04118292501992493,6062.546949495449,383.8008040255737,38.86964069782791,0.6157379256184812,0.49094914071818063,0.34191352893609284
2,0.26696266455037254,0.00015982647856915833,5940.963546982877,374.7972161749776,37.87808754766313,0.6242131519376928,0.4855048033916624,0.3359296292097354
3,0.23694683234010425,0.005377693364549296,5925.441212766423,359.0943567949422,37.44346997867126,0.6468121182860629,0.4706798862222974,0.31916362440587087
