epoch,train_loss,val_r2,val_rmse,val_mae,val_mape,val_r2_log,val_rmse_log,val_mae_log
1,0.42788421453339714,-0.03842278718862335,6054.505821725363,395.27500904907225,36.9578598104767,0.5887646334948122,0.5078880229547544,0.35944255458062996
2,0.26545102956090655,-0.029677533631038422,6028.95739425956,374.2897111263529,34.33650782022553,0.6278476355807949,0.48315127959337245,0.33256347555897176
3,0.24838224744251797,0.005146482512837336,5926.129889609019,373.95536670321144,33.46606509339083,0.6218742999225213,0.487013321491369,0.33641420412587164
