epoch,train_loss,val_r2,val_rmse,val_mae,val_mape,val_r2_log,val_rmse_log,val_mae_log
1,0.44885352265085493,-0.24148302103130792,6620.060957526445,402.75652183054603,39.99401152775782,0.6051567742686017,0.4976626965627022,0.34569166240015275
2,0.280268765171596,-0.03722475115031898,6051.012249755174,385.8893281203715,36.58162963534743,0.6141750258516623,0.49194654030791135,0.34314569882182183
3,0.2544847099999019,-0.008902364152139297,5967.826191119296,363.64078019617716,36.54693420880278,0.6445956817907021,0.47215445619170954,0.3203468282136454
