epoch,train_loss,val_r2,val_rmse,val_mae,val_mape,val_r2_log,val_rmse_log,val_mae_log
1,0.5498441616099221,-31.270487905443865,33751.59973849543,2879.9228446096804,865.5197719440908,0.24439433905860874,0.6884467344734538,0.3732643185263424
2,0.25464045345715114,-0.022528672716528586,6007.99197235334,459.0131158816783,42.69277435565909,0.378401902341963,0.6244211159862255,0.47577071941549237
3,0.24420805237020765,-0.010070887817780427,5971.281197441167,374.0666734918976,34.060766891808406,0.6227140372126299,0.4864722440739057,0.33617309755549074
