epoch,train_loss,val_r2,val_rmse,val_mae,val_mape,val_r2_log,val_rmse_log,val_mae_log
1,0.3995633588518415,-0.03517680279292201,6045.0355877274005,378.81177921646116,41.75598974177339,0.624048204883171,0.4856113449082134,0.3308901301127419
2,0.2748814514412199,-0.019434960299329784,5998.896344939862,405.60317619074505,48.24909410877883,0.6015300845393623,0.49994302266062807,0.3497349467475393
3,0.21871109348637718,0.00906383790851606,5914.45095682231,352.49281099146526,37.34902950508764,0.657371391561719,0.4635905280420614,0.3118831716188597
