epoch,train_loss,val_r2,val_rmse,val_mae,val_mape,val_r2_log,val_rmse_log,val_mae_log
1,0.544747134979793,-0.12755535470787516,6309.000068709298,384.9660003763326,42.44074533747609,0.6148051652864963,0.49154464616928095,0.3368096150790754
2,0.26420917607239314,0.0045673972761482995,5927.854382224261,366.58307862457275,37.835588497117655,0.6355947903673057,0.47809591323282946,0.3272142739454889
3,0.24544892708437782,0.0072891424305040475,5919.744766060996,358.24106764450073,37.508233312415925,0.6479784652723782,0.46990207068590634,0.3185201895891428
