epoch,train_loss,val_r2,val_rmse,val_mae,val_mape,val_r2_log,val_rmse_log,val_mae_log
1,0.513334047196252,-0.09454438259147602,6215.9610502797905,377.6240862230428,40.28947174551675,0.6279381014305043,0.4830925518358523,0.32908399703699254
2,0.2482717339515686,0.0012053648799545957,5937.856485276838,356.34197043767296,38.00748976056233,0.6517222256662227,0.4673966798013172,0.3151755973823518
3,0.228033057916505,-0.009357183307442174,5969.171205230197,364.64359381841024,37.66554001815868,0.6554095082432873,0.46491588771204284,0.3139549211053741
