epoch,train_loss,val_r2,val_rmse,val_mae,val_mape,val_r2_log,val_rmse_log,val_mae_log
1,0.4358059370544979,-0.2534439217842468,6651.874557535671,397.9315023686727,43.63585658913798,0.6264853951020833,0.48403474440129574,0.3314326890406705
2,0.27486377843856813,-0.04621031241010942,6077.16593140758,372.9234991273498,36.54633927127377,0.6388005429189643,0.47598831042924167,0.3257534201402352
3,0.2531499275970459,-0.0380758479044121,6053.494325531086,369.8113617904663,34.10302487590309,0.6424673462191501,0.47356609231650576,0.32304127927237325
