epoch,train_loss,val_r2,val_rmse,val_mae,val_mape,val_r2_log,val_rmse_log,val_mae_log
1,0.42507615375927515,0.0007920566546355534,5939.084921536252,431.46201734191897,38.54127210324309,0.504597507053957,0.5574447589845598,0.41369687423782003
2,0.30062479908534456,-0.0795077093706793,6173.116460980571,495.21704685679117,58.35280755701609,0.5248206098910403,0.5459483285158506,0.4005740825042535
3,0.2500759988362449,0.005273393929271064,5925.751885454475,397.9061383848826,33.712030842400175,0.5840040120788612,0.510819319089515,0.36150876259910303
