epoch,train_loss,val_r2,val_rmse,val_mae,val_mape,val_r2_log,val_rmse_log,val_mae_log
1,0.3618732159621375,-0.07765029249791255,6167.803396986544,382.499862891744,45.680200886098426,0.6196829097769855,0.4884225015500206,0.3345037536263331
2,0.23029693723951067,-0.020007102446303326,6000.579502832549,358.9134927701823,36.95176706034351,0.653945311664921,0.4659025757973697,0.3138793381417515
3,0.21400185685770853,0.0074590294051473105,5919.23820841034,373.81386249669396,43.804337871984835,0.6316110722506915,0.48070210853094847,0.3338867995700217
