epoch,train_loss,val_r2,val_rmse,val_mae,val_mape,val_r2_log,val_rmse_log,val_mae_log
1,0.23466144502162933,-0.06735760160119275,6138.278232110042,374.150349015096,42.265660531653054,0.6325394030026144,0.48009604791670435,0.3261454921452413
2,0.11551938951015472,0.005105750687132149,5926.251203759735,361.83187471165974,36.58785340853042,0.6517988869373402,0.46734523638718395,0.3170095574265141
3,0.10991218686103821,0.008529201190698665,5916.0462443776805,361.0976104886373,38.04107594177466,0.650033947908254,0.4685281637802312,0.3195160007734849
4,0.10683287680149078,0.00893745457756756,5914.8281073438275,349.6498770132955,34.27951781802401,0.6655377573240833,0.4580324966279586,0.30701081527086843
5,0.10275951772928238,0.009781868053002962,5912.307769494223,362.98325919782,40.29022436379014,0.6494268273803123,0.46893438861856335,0.32091573487894104
6,0.10054373741149902,0.00911684910592625,5914.292754744045,380.5635472123973,41.92013159264097,0.6334985358934563,0.479469073505795,0.3342027639048228
7,0.09740123897790909,0.008647028717211458,5915.694699073461,348.19335933380125,32.86653004476436,0.6687131031752985,0.45585305768079404,0.3034681568638693
8,0.09516194462776184,0.008751540874237684,5915.3828634675,347.49907963152566,32.480360818082936,0.670538513574479,0.4545954342357228,0.30270869665237105
