epoch,train_loss,val_r2,val_rmse,val_mae,val_mape,val_r2_log,val_rmse_log,val_mae_log
1,0.4930137150355748,-0.19843759615740075,6504.28119690138,405.1572154386393,39.2392825161502,0.5956988961225838,0.5035878070391485,0.3528825343906461
2,0.31251166159629823,-0.10618939186642118,6248.939801224561,375.34017999750773,40.01621657268359,0.6425344080968532,0.47352167718353494,0.3215265802336067
3,0.29005787939071653,-0.11858633508214256,6283.857834713772,386.73576059158324,41.14362739823784,0.6420531429280223,0.47384032720648445,0.32277096598514693
