epoch,train_loss,val_r2,val_rmse,val_mae,val_mape,val_r2_log,val_rmse_log,val_mae_log
1,0.3568109314550672,-0.02903516289794661,6027.076499579082,374.19528852386475,44.715866308331066,0.6196275265832666,0.4884580632089522,0.3338287689634705
2,0.261362402312415,0.008778762454767386,5915.301639040346,369.7104598727417,41.87349148956815,0.6363650513572721,0.47759035866175575,0.32718312952983314
3,0.21144251880577633,0.00892457612890063,5914.866537593788,354.43889336023966,36.62187246539867,0.6555541412500958,0.4648183092215774,0.3142937789012066
