epoch,train_loss,val_r2,val_rmse,val_mae,val_mape,val_r2_log,val_rmse_log,val_mae_log
1,0.5749553663825989,-0.038753409911541636,6055.469590007526,378.508908585612,47.99578376331057,0.6044382677410497,0.4981152956563544,0.3383171095956027
2,0.21133962227548872,-0.1704553702219478,6427.898724253673,433.0754924499512,53.56735823454203,0.5783902485166565,0.5142544593819932,0.3620373141246567
3,0.2017630837222508,-0.06905913651776885,6143.168971398849,364.74361125630696,40.72534079714798,0.64457121979281,0.47217070478800854,0.31780276043267564
