epoch,train_loss,val_r2,val_rmse,val_mae,val_mape,val_r2_log,val_rmse_log,val_mae_log
1,0.3523013523278918,-0.020688575197442827,6002.5836793871,382.3653385811361,36.05072852035056,0.6113452354271062,0.49374730809034195,0.343747478147932
2,0.24266701817103795,0.005376395061352124,5925.445080071987,390.728826060613,34.09260368091737,0.5945111058210268,0.5043270061442859,0.3570482172419789
3,0.22739087463719504,0.00606820895389526,5923.38398968813,378.89987329030356,32.86532731678259,0.6088653561183144,0.4953200236119401,0.34431923494046734
