epoch,train_loss,val_r2,val_rmse,val_mae,val_mape,val_r2_log,val_rmse_log,val_mae_log
1,0.37564091010502404,-0.03376460687060501,6040.910839155586,379.07257985305785,39.20229685003301,0.6145845659935364,0.49168537869099077,0.34074940987926905
2,0.22816536253111702,0.006584901015714406,5921.844164031222,379.106468621521,37.06092416703621,0.6251276154205859,0.4849137145270939,0.33454772192191556
3,0.20259800805636816,0.00761265902114161,5918.7800885384,356.4897204416911,36.47036581697325,0.6562008992283472,0.4643817149150282,0.31330423529142304
