epoch,train_loss,val_r2,val_rmse,val_mae,val_mape,val_r2_log,val_rmse_log,val_mae_log
1,0.5454409132167272,-0.021007686097964218,6003.521938243577,393.9129265611776,47.37886255850942,0.5992512125031149,0.5013705857365105,0.35018568021979446
2,0.3445975410897391,0.0032214215639226884,5931.860707064887,437.3991716322835,38.46493901407643,0.49283355296883946,0.5640245396609896,0.42202051522687223
3,0.3028914872114999,-0.08721828020513667,6195.12351050685,572.6700427045695,64.43687619789763,0.4562168358312594,0.5840306257728262,0.4352890608763948
