epoch,train_loss,val_r2,val_rmse,val_mae,val_mape,val_r2_log,val_rmse_log,val_mae_log
1,0.4197273529979161,-0.09843498972489306,6226.998706788555,390.91050061620075,39.13947899338441,0.6050704752928708,0.49771707945660576,0.3470094713259656
2,0.23965397565909793,-0.007856815807785633,5964.733092903708,364.4872539639791,37.503679056388314,0.6397333585820048,0.47537328127770384,0.32280806252812144
3,0.22382749810831887,0.006026027436106252,5923.509679739757,356.68108235987347,36.25678953128259,0.6497732511858256,0.4687026393008832,0.3162317804238288
