epoch,train_loss,val_r2,val_rmse,val_mae,val_mape,val_r2_log,val_rmse_log,val_mae_log
1,0.5698816289111546,-0.24270691069056216,6623.323276923737,407.7227659851074,48.824359812833094,0.5959152202651465,0.5034530649181713,0.3454014677624601
2,0.2984989141464233,-0.1201818332783886,6288.3377353540745,390.13301713160195,38.782433238845485,0.6104627307603518,0.494307557535457,0.34211324575541985
3,0.27642944652284895,-0.05024102536604569,6088.861363654046,370.8536518083191,37.21754333917973,0.6378042223660055,0.4766443335042674,0.32486784760300214
