epoch,train_loss,val_r2,val_rmse,val_mae,val_mape,val_r2_log,val_rmse_log,val_mae_log
1,0.49804855264936176,-0.006259574545744995,5960.00479455942,371.58559145314535,38.760931558969695,0.627413576941102,0.4834329584062523,0.3311842509353093
2,0.31353978678430827,0.0026189441172415062,5933.653117389672,410.6682376917013,36.77991465908399,0.5570922989469524,0.5270834241305352,0.380884341113132
3,0.28017126884460447,-0.0018240795431514467,5946.854724789123,555.1118359919993,46.91075276697404,0.07710923814790138,0.760847980383222,0.6381494809699767
