epoch,train_loss,val_r2,val_rmse,val_mae,val_mape,val_r2_log,val_rmse_log,val_mae_log
1,1.1246793179280417,-2.2883055589133727,10774.017573415267,789.1032287445069,79.57992852084372,0.29864083164160304,0.6632740130894345,0.48662895258543315
2,0.4539818218149458,-0.8916787976959961,8171.754189657224,536.4762242152914,60.87560508402302,0.48820493741574733,0.5665924572727503,0.39967084529117697
3,0.40099988952091764,-0.26354756698303894,6678.630157054876,421.1044933825175,44.7262636143137,0.5837839457910958,0.5109544156426085,0.35753590169926763
