epoch,train_loss,val_r2,val_rmse,val_mae,val_mape,val_r2_log,val_rmse_log,val_mae_log
1,0.7548515532888685,-0.03862808754159297,6055.104292197857,421.36591509587606,43.70250185887823,0.5216773383949562,0.5477510532324181,0.39893565130118913
2,0.35543357567105976,0.002563633464259807,5933.817643112617,389.22742955322263,41.615327423538936,0.5920893324246068,0.5058308050457776,0.3561458490613081
3,0.3407963939843859,-0.09395124452187109,6214.276594710052,625.7542576822917,84.73424367162828,0.3265982486244724,0.6499199429068816,0.5045477740594302
