epoch,train_loss,val_r2,val_rmse,val_mae,val_mape,val_r2_log,val_rmse_log,val_mae_log
1,0.5490653536619459,-0.1434353522292089,6353.271341153121,384.04835367218016,43.9903014569462,0.6230816111657245,0.48623521153416693,0.3300930779600705
2,0.28694333030564445,0.003189445071029584,5931.955852859873,362.7146583898417,37.65743969463971,0.6415523780115227,0.4741716608612732,0.3224938472250711
3,0.2606704287828718,0.008464794470092185,5916.238396758851,358.83235818049116,38.377790702743425,0.6522796236814186,0.4670225096367987,0.3178986582931745
