epoch,train_loss,val_r2,val_rmse,val_mae,val_mape,val_r2_log,val_rmse_log,val_mae_log
1,0.4435998352977208,-0.0006094179451765491,5943.248499381633,446.18325715133665,38.77303092507149,0.46432463529898227,0.5796603300495697,0.43908339492090326
2,0.2842578588690077,0.004547568122559742,5927.913423765247,413.99746543441773,35.52677054550555,0.549081513015644,0.5318286915775877,0.3861234018050944
3,0.2544697889001029,0.006910163237212719,5920.874624772012,376.6076980065155,33.41523128154026,0.6217996828324179,0.4870613712857949,0.3360666004392187
