epoch,train_loss,val_r2,val_rmse,val_mae,val_mape,val_r2_log,val_rmse_log,val_mae_log
1,0.22310574352741241,-0.16942695994850054,6425.0741954594505,390.74378663752236,44.66186851858979,0.6180562427497,0.48946591120018207,0.333175025548511
2,0.11835587024688721,0.005840776666144576,5924.06164771652,369.64801315256756,35.800048741499126,0.6301000452477389,0.4816869516015388,0.3317149384186655
3,0.11364635080099106,-0.00865124181799981,5967.083429597511,390.62585960845945,43.33813117808647,0.6329111328103705,0.4798531495341795,0.33213791483879956
4,0.1087966039776802,0.0075156764520987185,5919.0692923862125,365.9906614342499,38.247335166965755,0.6550895325669164,0.4651316906162946,0.31569395078352586
5,0.10583683848381042,0.009198143136363579,5914.050139579699,350.1773266142273,35.91254676197998,0.6629491031340027,0.45980160864502556,0.30922350577759955
6,0.10285621881484985,0.009333894853466251,5913.644977862672,350.4101183421326,35.77278716283064,0.6654414376739606,0.45809844481039436,0.3075030558144093
7,0.09936780482530594,0.006660196155654496,5921.619738947132,376.6997315872447,32.29718611634584,0.6269570605262614,0.4837290340364003,0.33290290126456606
8,0.09740825742483139,0.008588979791565476,5915.867894042792,349.8449249587504,32.89877286062237,0.6670925849994596,0.4569666196712159,0.30523154783426537
9,0.0954802930355072,0.009169584810281073,5914.135370624718,346.8719218623352,35.167562134863765,0.6660573836285048,0.45767655473455526,0.30535582325166094
