epoch,train_loss,val_r2,val_rmse,val_mae,val_mape,val_r2_log,val_rmse_log,val_mae_log
1,0.34304850740977694,-0.033730713295533565,6040.811808030929,384.76126215037027,35.67569983273572,0.6072231929196917,0.496358725196634,0.3477987126472079
2,0.3304796770177569,0.0011193379284408778,5938.112195847974,491.8946768381246,41.289284351102275,0.34334091895944374,0.6417896663019776,0.5076111496025933
3,0.27340085818018234,-0.03463110375222844,6043.442041113902,456.23812119895933,47.88841855698443,0.49544479573207056,0.5625706721424985,0.4147928682916037
