epoch,train_loss,val_r2,val_rmse,val_mae,val_mape,val_r2_log,val_rmse_log,val_mae_log
1,0.42433592329025266,-0.05939661591679912,6115.3439288595,426.5487554929098,38.84327823487917,0.5308951228376793,0.5424475061368373,0.3974592420168754
2,0.24951000317437308,-0.020731922960770532,6002.711140309299,372.1020216664632,41.92986611985086,0.6382799687676768,0.4763311929974478,0.3246354913397596
3,0.24013114992891038,0.0050506404492193235,5926.415338084222,357.73783735483806,40.015934318343625,0.6476442430239633,0.47012508895484445,0.31841178840826195
