epoch,train_loss,val_r2,val_rmse,val_mae,val_mape,val_r2_log,val_rmse_log,val_mae_log
1,0.42206755233628407,-0.0485857440457631,6084.061154631392,384.67586019582114,43.834773296252166,0.6269566266547942,0.4837293153393583,0.33125560772429175
2,0.2522451818820408,-0.0012731680832493986,5945.219387303134,370.49375326100665,40.45872440437531,0.6455140418642688,0.47154404116495274,0.3210985356105114
3,0.22672265227930885,0.007292912791621697,5919.733524320002,368.2162721717326,34.13170224371423,0.6365273554862235,0.4774837633814615,0.3271385501567431
