epoch,train_loss,val_r2,val_rmse,val_mae,val_mape,val_r2_log,val_rmse_log,val_mae_log
1,0.41461445452417645,-0.03286559601288164,6038.283536168685,379.9713732464091,37.688744882491946,0.6156448752854307,0.49100857959969363,0.3402288799510936
2,0.2586334864446095,0.0003952075939792632,5940.2641987395955,376.11729222890216,33.689547138341155,0.6228799880541769,0.4863652438597166,0.3353055856887945
3,0.228642487686021,0.007427948895102898,5919.330885442237,356.7148070073191,33.01963654059229,0.6571336083983375,0.4637513653169936,0.3121553052684572
