epoch,train_loss,val_r2,val_rmse,val_mae,val_mape,val_r2_log,val_rmse_log,val_mae_log
1,0.3982056110204969,0.0029099802024653565,5932.7873333643165,385.1424627164205,37.00649113583881,0.60679050008139,0.496632050587871,0.346348613823851
2,0.24171589658669063,-0.0012565888983882,5945.170166320076,367.1579057853953,36.50302234960109,0.6553406123732721,0.4649623619829112,0.3162662211457429
3,0.21512600526537215,0.0032955213260840166,5931.640217958116,354.05386625851946,34.68795123751099,0.665337565451834,0.4581695534531752,0.30677539986268326
