epoch,train_loss,val_r2,val_rmse,val_mae,val_mape,val_r2_log,val_rmse_log,val_mae_log
1,0.4959920434011732,-0.04169926822464909,6064.05003163426,397.5910082775879,39.11036462608584,0.5859447475721433,0.5096263699208748,0.3601972280267877
2,0.28951527391842435,-0.01187066060460995,5976.5987283626055,380.791874217275,35.953657109810955,0.6118708741824754,0.4934133091853479,0.3443073625067052
3,0.2763340117059435,-0.007379601936974067,5963.320793881062,367.2570891511027,40.49002583475371,0.6431464881522436,0.47311610339411464,0.32265109240363327
