epoch,train_loss,val_r2,val_rmse,val_mae,val_mape,val_r2_log,val_rmse_log,val_mae_log
1,0.3683453091880253,-0.0966411290881326,6221.911955048157,560.43118335378,75.76992599201654,0.40651659080321245,0.6101365389887227,0.46132707577962107
2,0.2384954505109787,0.007708884668193194,5918.493127879452,365.0066030939738,41.00227768482659,0.641191994996414,0.47440996692386,0.32399365874687164
3,0.19631231227057322,0.008297915446369264,5916.736238158915,357.3382320854187,35.905976131615255,0.6510894849841251,0.4678210633169193,0.31569572729891576
