epoch,train_loss,val_r2,val_rmse,val_mae,val_mape,val_r2_log,val_rmse_log,val_mae_log
1,1.4128202220317296,-34.55964010077582,35429.9284000052,3538.454866819763,919.0332778639673,-0.21170289756095828,0.8718079318979439,0.5599385240750051
2,0.38771808498927524,-0.5583547796621591,7416.93998597146,468.1187778418986,56.11636504542103,0.5354694868148939,0.5397962535010699,0.3740178939128619
3,0.321916818189621,-0.37201499814257843,6959.387611067359,425.91124425689696,50.374288002012925,0.5785692154760708,0.5141453011787857,0.35226593983741855
