epoch,train_loss,val_r2,val_rmse,val_mae,val_mape,val_r2_log,val_rmse_log,val_mae_log
1,0.34369436920642854,-0.021949540396845713,6006.290350079828,387.71917640782675,36.21760770555322,0.6014726909127139,0.4999790260186362,0.35154535002831083
2,0.233835298138346,0.008375954296065746,5916.503434184197,353.8450312990316,37.85192961872418,0.6579328710369504,0.4632105199412913,0.3125377360463018
3,0.21863560968807766,0.007019130635656956,5920.549780040085,372.5104530032349,32.534638646120676,0.6247359131508214,0.48516699033377964,0.33397407562955567
