epoch,train_loss,val_r2,val_rmse,val_mae,val_mape,val_r2_log,val_rmse_log,val_mae_log
1,0.33924881132193974,-0.008328314415324556,5966.128149452607,369.4997794917297,38.457168969982405,0.6331222133457706,0.4797151690158823,0.3274546465216939
2,0.22906613215514593,0.004790840135360908,5927.189037797155,381.6849141106669,34.78507705718788,0.6105891027012604,0.4942273705065244,0.34515036566761054
3,0.2098771390594755,0.008751092508576752,5915.384201302742,353.0921151449076,34.98392185082396,0.6616420746420326,0.4606922639081041,0.3105311191101038
