epoch,train_loss,val_r2,val_rmse,val_mae,val_mape,val_r2_log,val_rmse_log,val_mae_log
1,0.6743561927740914,-0.06888920473026916,6142.680709741566,563.3661519896443,50.978916495769596,0.03403173902597645,0.7784024089053735,0.6475371939549227
2,0.40756980303628104,-0.07187712523305856,6151.26019257852,413.064398468984,53.76422791612634,0.5688725728708498,0.5200266120501432,0.3696523579457957
3,0.3108516677393232,-0.10908702711845164,6257.11891869279,399.9948651228841,36.45177885503268,0.5893390570362721,0.5075331838405082,0.3575103477449187
