epoch,train_loss,val_r2,val_rmse,val_mae,val_mape,val_r2_log,val_rmse_log,val_mae_log
1,0.5748870412131718,-0.22509651655312135,6576.226286330998,396.17600547027587,46.0693490163194,0.5968043371551973,0.5028988803151567,0.3444453340795983
2,0.27604815264293125,-0.07553226795605061,6161.739285009433,376.82306754582726,42.08567086021995,0.631739517782244,0.480618298437617,0.3266664689275027
3,0.2530289894492286,-0.004998319421016362,5956.2684606378825,360.3539589037069,36.68432604792443,0.6490505421750477,0.4691859848090132,0.3179035292781381
