epoch,train_loss,val_r2,val_rmse,val_mae,val_mape,val_r2_log,val_rmse_log,val_mae_log
1,0.3537263159738268,-0.1814660353613009,6458.06209976378,459.10181676427203,56.32722588955615,0.5526284221701441,0.5297328890568701,0.3842774147574481
2,0.24317399364198958,-0.002810088659290777,5949.780493408671,367.51536978240966,40.778818093021926,0.6456532403485769,0.47145144982356385,0.3213004567029213
3,0.22774720352036612,0.0053668055833701045,5925.473644539937,401.0047071420034,35.12634854801728,0.5593669216350381,0.5257282216997988,0.379169243440753
