epoch,train_loss,val_r2,val_rmse,val_mae,val_mape,val_r2_log,val_rmse_log,val_mae_log
1,0.49881726818629674,-0.08125825231303208,6178.119634185556,385.4183244924418,44.56633326009026,0.6262394304607592,0.48419409002963804,0.331236386897884
2,0.29636360038484844,0.001201271523848746,5937.868652811254,484.9423310334015,40.78680188794241,0.3624081567341191,0.6324032876745334,0.4970503540656204
3,0.30054163635798864,0.0021207490585092303,5935.134871825749,458.90471372248334,38.067401201134764,0.4426048683407534,0.591295165820635,0.4521323926571633
