epoch,train_loss,val_r2,val_rmse,val_mae,val_mape,val_r2_log,val_rmse_log,val_mae_log
1,0.4165482333946228,-0.04919642393848367,6085.832527665067,371.6658766477458,38.564599978201116,0.6297328261223969,0.4819259902657597,0.32912998492740453
2,0.1939987437261854,-0.029657705618275854,6028.899345591044,360.16279898091636,39.923709491997435,0.6503977817849461,0.46828455337068925,0.31617889303703417
3,0.20680665271145957,-0.0013613270331314098,5945.481110466375,355.81805962427774,34.61871543756381,0.6520128022280871,0.46720165894381205,0.31393254711835256
