{
  "best_trial_subset": {
    "trial": 9,
    "hidden": [
      256,
      128,
      64
    ],
    "lr": 0.001,
    "dropout": 0.0,
    "weight_decay": 0.0001,
    "epoch": 15,
    "rmse_log": 0.503798494198854,
    "mae_log": 0.3494053698876185,
    "r2_log": 0.6032938704089186
  },
  "best_params": {
    "hidden": [
      256,
      128,
      64
    ],
    "lr": 0.001,
    "dropout": 0.0,
    "weight_decay": 0.0001
  },
  "test_log": {
    "rmse_log": 0.4725317654069119,
    "mae_log": 0.32128089691306994,
    "r2_log": 0.6468673247985999
  },
  "test_seconds": {
    "rmse": 3179.9919037262616,
    "mae": 348.60575570164997,
    "r2": 0.02848620113102296,
    "mape": 0.36165966574396136
  }
}