{
  "model": "Ridge(alpha=1.0) on log1p(target)",
  "val_log": {
    "rmse_log": 0.6112620288860431,
    "mae_log": 0.44563203766075854,
    "r2_log": 0.4068655825887888
  },
  "val_seconds": {
    "rmse": 5905.979522690742,
    "mae": 496.13852770589193,
    "r2": 0.0006621689913735018,
    "mape": 0.680442018083154
  }
}