{
  "l2": 0.0,
  "l1": 1e-06,
  "rmse": 5983.956336894431,
  "mae": 955.878239187959,
  "r2": -0.02590060666709837,
  "mape": 0.9907161134521794
}